obj_id,ra,dec,eclipse,NUVmag,NUVmag_err_1,NUVmag_err_2,FUVmag,FUVmag_err_1,FUVmag_err_2
1953301413,311.5651133785091,-4.930670266514934,1413,20.119744731038807,0.028606201522052288,0.02938034012913704,,,
1468701420,315.93539142183124,-7.379243973589912,1420,20.197519740015267,0.033934544771909714,0.03502947278320789,,,
1479501422,343.35265409478205,-39.79307189933704,1422,20.5626695472002,0.05207635462284088,0.05470056086778641,,,
1417401623,259.20421928249795,60.03953457344939,1623,20.45484474480152,0.04135608673095703,0.04299398511648178,,,
1297001640,260.3072203515084,58.102305431983126,1640,20.475397692918776,0.036758556962013245,0.038046836853027344,21.284793473482132,0.08758336305618286,0.09527340531349182
2651201731,340.31688326227766,12.165311113014862,1731,20.17218274615705,0.03228845540434122,0.03327817656099796,,,
1960501740,350.75503479732447,-0.0220140706893949,1740,20.375056141912935,0.045398809015750885,0.04738032817840576,,,
1222901911,347.30838064611885,0.314289289763399,1911,20.292698243558405,0.030469167977571487,0.03134898841381073,,,
450502143,343.0351706572345,-39.97206343323212,2143,20.62704263806343,0.04361152648925781,0.045436881482601166,21.481077678203583,0.1262030005455017,0.1428261399269104
787002252,334.3209603792774,0.3690354203449825,2252,20.20457656674087,0.03124644048511982,0.032172417268157005,21.42118693113327,0.10415956377983093,0.11522293090820312
666202259,11.237135844643458,-43.39705893588376,2259,20.634539039731024,0.03507692366838455,0.03624811768531799,22.134871788024903,0.15747636556625366,0.18425583839416504
1004102419,21.128229224367598,-33.91765435740721,2419,20.55351986169815,0.034981295466423035,0.03614600747823715,22.525692887306214,0.1996663212776184,0.24484992027282715
400502476,30.405681586574484,-8.116733829992407,2476,20.711195306777952,0.03696393221616745,0.038266927003860474,22.14012414932251,0.16289442777633667,0.19172221422195435
186602480,29.39599598991568,13.890211662328852,2480,20.44505803465843,0.03307584673166275,0.03411516547203064,,,
1043703090,41.6321716885473,-7.353883103746093,3090,20.581051396131514,0.034426264464855194,0.03555368632078171,22.04010487318039,0.1325586438179016,0.15102386474609375
2557303126,50.02201883065238,-7.04383064685579,3126,19.957582965418695,0.026739919558167458,0.027415156364440918,20.657516725063324,0.060734450817108154,0.06433427333831787
531603292,36.27630398507478,-4.479838817004319,3292,20.609932640492914,0.03510817885398865,0.03628145903348923,,,
1246603773,119.85762359084532,46.64013564123167,3773,20.351620526909826,0.03508571535348892,0.03625750541687012,,,
1219803779,122.24129127779403,45.91594230262675,3779,20.547909462749956,0.03410227596759796,0.03520820289850235,21.801987297534943,0.09995907545089722,0.1101037859916687
844103780,122.15875857284182,45.21653594731468,3780,20.516373911798,0.033626146614551544,0.03470100462436676,21.48048640012741,0.08654981851577759,0.09405165910720825
1049003822,137.0352522674325,-0.7696054403524965,3822,20.419241251349447,0.03227550536394119,0.03326438367366791,22.03388840675354,0.12664079666137695,0.14338701963424683
614703858,135.96070539193306,52.35955868715667,3858,20.58886735320091,0.034672319889068604,0.0358162447810173,22.29392499446869,0.1442369818687439,0.16637712717056274
877703914,146.7468899001376,61.529046476535214,3914,20.5851127448678,0.03443967550992966,0.03556795418262482,22.15414852619171,0.1284348964691162,0.14569193124771118
770803925,162.05041088548646,64.72416541383973,3925,20.553596341907976,0.034183114767074585,0.03529440611600876,21.517950899600983,0.09111225605010986,0.09946435689926147
411303953,162.33936320951966,59.25277295994422,3953,20.758648948669432,0.03890611231327057,0.040352270007133484,22.287256724834442,0.1289185881614685,0.1463150978088379
342504008,123.87210725456404,51.50024247137642,4008,20.486484343111513,0.03316286951303482,0.03420781344175339,,,
1985304009,137.74191089745747,54.48358842897718,4009,20.677122497856615,0.04750844091176987,0.04968274384737015,,,
404904028,189.0060734376755,62.49458524868528,4028,20.760596381425856,0.036973804235458374,0.038277506828308105,,,
883504038,190.02109701219797,62.38547844713013,4038,20.561414683163164,0.034248679876327515,0.035364292562007904,,,
430404040,188.7098883212145,62.17016247432283,4040,20.518055805861948,0.04021354019641876,0.04176042973995209,,,
1129204162,79.67458167438771,-49.120796877402086,4162,20.50288467288017,0.0353148952126503,0.03650229424238205,,,
1954004217,80.00521521606854,-49.08385213966657,4217,20.49852582246065,0.03833681344985962,0.03974013030529022,21.111210889816284,0.08371919393539429,0.09071826934814453
1177504231,79.29188510779655,-49.24047860767035,4231,20.274936990737913,0.03897777758538723,0.04042932763695717,21.219543076753617,0.09843558073043823,0.10825797915458679
1207304322,149.96813903965213,2.7801144379194063,4322,20.506566191017626,0.036170631647109985,0.037417300045490265,,,
322204325,149.49560741034853,2.083823553400393,4325,20.459469990730284,0.037403516471385956,0.03873813897371292,21.89611048221588,0.11800378561019897,0.1324114203453064
1610504355,150.46803125510547,2.1991252430192003,4355,20.427660779953,0.04069985821843147,0.04228509962558746,21.952068812847138,0.13249754905700684,0.15094399452209473
1312104369,150.53330581445277,2.3765292129555005,4369,20.600581640303133,0.03938816487789154,0.040871091187000275,22.185863263607025,0.13181596994400024,0.1500597596168518
1172804469,150.42392931189977,2.1325785401766684,4469,20.227071685642002,0.02945610322058201,0.030277594923973083,22.547428317070008,0.13795793056488037,0.1580744981765747
1272104624,150.62964124255583,1.9219917335008667,4624,20.47339531213045,0.03406062722206116,0.03516387194395065,,,
748104781,150.42392666906224,2.1326247956874598,4781,20.424563238322733,0.032690707594156265,0.03370560705661774,22.240204520225525,0.1220431923866272,0.13751953840255737
530004875,155.9166176719679,2.658255827519114,4875,20.445532375872133,0.03272686153650284,0.03374412655830383,,,
1703804889,161.70150293171702,-0.4774173826655373,4889,20.36887817636132,0.0321316160261631,0.03311162814497948,,,
747105024,197.39589863690807,28.98454920434995,5024,19.708026224672793,0.02350933849811554,0.024029649794101715,,,
2168105231,177.4144792152697,0.586372913907587,5231,20.536259064376353,0.039559751749038696,0.041055865585803986,22.68746048927307,0.1698070764541626,0.2013784646987915
1205205245,137.417631312031,54.92249403804708,5245,20.48195032954216,0.037284158170223236,0.03861013799905777,21.677157289981842,0.10507643222808838,0.11634588241577148
1040905258,163.3897386585993,58.55518030597241,5258,20.61601488471031,0.03584470599889755,0.037068650126457214,,,
452605315,188.8501139144643,61.69182945976573,5315,20.74802181303501,0.039567798376083374,0.0410645455121994,21.7173326086998,0.10686784982681274,0.11854708194732666
714805709,251.46912986727543,42.43499270018896,5709,20.641416149139403,0.03575809299945831,0.03697600215673447,,,
931105736,249.5384672258969,41.24859346301136,5736,20.70546446919441,0.038374438881874084,0.03978058695793152,,,
2768706109,216.46388110704797,4.496566223646741,6109,20.40196994870901,0.03993868827819824,0.04146412014961243,21.84767515182495,0.12613505125045776,0.14273852109909058
289806408,312.6915053574669,-0.2546556411255166,6408,20.18028996504843,0.029329387471079826,0.03014371730387211,,,
1829406422,311.2900129682188,0.9327439923776316,6422,20.18646756738424,0.030622705817222595,0.031511541455984116,,,
1466106464,253.1639900680861,34.962209706491215,6464,20.769692199230192,0.050932541489601135,0.05343988537788391,21.82022006034851,0.13606607913970947,0.1555943489074707
1788006465,325.3171964766003,-23.903253550978388,6465,20.514232167899607,0.03879144787788391,0.040228888392448425,,,
1522406470,325.5225294241658,-23.912224026356665,6470,20.467486927211283,0.03317985683679581,0.03422588109970093,21.887283928394318,0.11044412851333618,0.12296408414840698
2514506545,327.7240554896157,-5.889008112898386,6545,20.397849218845366,0.04385989159345627,0.04570651799440384,22.06662148952484,0.15203475952148438,0.17684578895568848
3048206595,327.7241948767228,-5.888909702713181,6595,20.52308453798294,0.05225006490945816,0.05489226430654526,,,
1134806640,327.7240649945749,-5.888795723301,6640,20.500323275029658,0.03340970724821091,0.03447048366069794,,,
1391506676,328.2506036533839,-29.604561349036228,6676,20.549245128333567,0.04117291420698166,0.04279598593711853,22.322195179462433,0.15015125274658203,0.1743006706237793
388006687,255.9708369263361,32.19583947200172,6687,20.446413369774817,0.032800063490867615,0.03382191061973572,,,
535206748,251.92510410080524,34.95880534964501,6748,20.65935860008001,0.03751587122678757,0.03885868936777115,21.76931083917618,0.10401338338851929,0.11504381895065308
1645606811,249.24799423509145,46.58028132120383,6811,20.539164977073668,0.03713835030794144,0.03845378756523132,21.18323907971382,0.08319392800331116,0.09010151028633118
729206818,246.4820558536061,49.98242657594992,6818,17.117230432033537,0.007858574390411377,0.007915794849395752,21.540655500888825,0.09832441806793213,0.10812342166900635
1847806909,311.63324411264733,0.4143532432296166,6909,19.68579518228769,0.026284605264663696,0.026936717331409454,20.84120617032051,0.07262289524078369,0.07783100008964539
713506938,319.70111696478017,0.3141872490132777,6938,20.25507357522845,0.03282546065747738,0.03384891897439957,21.24570534348488,0.0845007598400116,0.09163662791252136
1367906964,330.57140824652606,-7.3790582869000225,6964,20.28000049844384,0.03204772248864174,0.03302251920104027,21.962428994178772,0.11291921138763428,0.12604087591171265
535406975,335.8303070338318,-8.879690524816079,6975,20.311764819473026,0.03770861774682999,0.03906555473804474,,,
567907083,341.48078023215623,1.4448764210077083,7083,20.40061234116554,0.03223452717065811,0.03322083503007889,21.250086135864258,0.07905453443527222,0.08526593446731567
351307108,345.5748084309847,13.46363651339484,7108,20.30759310901165,0.03141703084111214,0.03235328942537308,21.691309518814087,0.09785085916519165,0.1075512170791626
230007129,348.470247492763,14.473899455459602,7129,20.49786830872297,0.03326494246721268,0.03431640565395355,,,
930807173,344.62682166751483,-40.71295198434459,7173,20.62785944521427,0.03533400595188141,0.036522671580314636,22.623078830242157,0.14362633228302002,0.16556471586227417
1146507274,17.908860784933005,-46.12476604918085,7274,20.608462082147597,0.04137326031923294,0.04301253706216812,,,
1687007301,347.79987163438693,-9.947555367603746,7301,20.17299399331212,0.029736720025539398,0.030574146658182144,,,
1906007347,338.34502682412045,-9.615224664941437,7347,20.28244725048542,0.03453860059380531,0.035673510283231735,,,
1369707493,358.841324160479,13.504212560604667,7493,20.474368842244147,0.033806897699832916,0.0348934531211853,21.83284819841385,0.10376244783401489,0.11473715305328369
977207500,11.0637286060309,-45.00441115628959,7500,20.542100617587565,0.03396224230527878,0.035059042274951935,22.161122567653656,0.11794030666351318,0.13233095407485962
271907518,8.544446455729457,-44.08407501602764,7518,20.706733377575873,0.036449022591114044,0.03771528601646423,22.040720887184143,0.1116800308227539,0.12449890375137329
974507520,11.0638048929386,-45.00447044042326,7520,20.887665809988974,0.039996951818466187,0.041526854038238525,22.294720120429993,0.1258695125579834,0.14239877462387085
264107532,22.30269967337406,-22.228472717404284,7532,20.638838993310927,0.03645658493041992,0.037723369896411896,22.426076538562775,0.13549268245697021,0.15484482049942017
858707545,21.957135284677708,-28.89451901800665,7545,20.86680835664272,0.040157437324523926,0.041699931025505066,22.443849749565125,0.13584494590759277,0.15530556440353394
507607549,21.48489003701724,-35.721451099824485,7549,20.73568998456001,0.0376226007938385,0.03897316753864288,22.01967955350876,0.11253535747528076,0.125562846660614
1342807597,340.4405284121499,-1.094575038411305,7597,20.419160598814486,0.03324296325445175,0.03429293632507324,,,
713007628,8.676679518704146,-8.255248004725775,7628,20.36632942587137,0.03255806863307953,0.03356467932462692,20.819634504318238,0.0668439269065857,0.0712306797504425
1462207637,6.30503730445403,4.199011211896302,7637,20.413992727100847,0.03306705504655838,0.034105852246284485,22.3277303647995,0.12890338897705078,0.14629513025283813
934807665,6.2688101872801605,-36.77205547808172,7665,20.69128418892622,0.036650486290454865,0.03793101757764816,22.589397735595703,0.14345169067382812,0.16533255577087402
1013407688,348.5945796990916,-31.05330481188008,7688,20.70487434595823,0.036895424127578735,0.03819350153207779,22.73682654619217,0.15227049589157104,0.17716437578201294
1272207743,14.075416922961388,12.493863275972624,7743,20.38436061322689,0.03217345103621483,0.033156052231788635,21.677934832572937,0.09615004062652588,0.10549932718276978
1643907793,32.317569414647764,10.871759659976114,7793,20.408189432621,0.03589639440178871,0.03712385892868042,,,
351807911,39.981682481347,-7.482213244692814,7911,20.534602129757403,0.035316385328769684,0.036503858864307404,22.01759577512741,0.11436432600021362,0.12784510850906372
967807928,358.0051703479164,16.336704704114645,7928,20.538448976278303,0.03599192947149277,0.037226006388664246,,,
3294807967,11.062935783878329,-45.0044110837897,7967,20.591574633419512,0.05736619234085083,0.06056714802980423,20.825732655525208,0.10637432336807251,0.11793956160545349
1341408147,13.245979561569154,12.162789782712256,8147,20.374576101005076,0.03234466537833214,0.033337920904159546,21.492474086284638,0.08941084146499634,0.09743988513946533
996008220,72.88824575762233,-31.86106133796989,8220,19.61139267861843,0.022262632846832275,0.02272874116897583,,,
613308221,49.548803777558014,-38.18408974000284,8221,20.742942007184027,0.03688707947731018,0.03818444907665253,,,
384608256,19.666436097299616,11.85642939343505,8256,20.490750061273573,0.04054304212331772,0.04211589694023132,21.988690502643585,0.13098686933517456,0.14898598194122314
1199408305,24.97864364011136,7.5303864052893985,8305,20.459617027938364,0.03299888223409653,0.03403332084417343,21.57701105594635,0.09106278419494629,0.09940534830093384
2966208564,11.06296081708099,-45.004298997433565,8564,20.675228001475332,0.05424473434686661,0.05709804594516754,21.942885525226593,0.1581883430480957,0.18523216247558594
809508610,9.029312115355324,-34.21534441034806,8610,20.622593225836752,0.043610818684101105,0.045436061918735504,22.104705877304077,0.14098882675170898,0.16206860542297363
1169708633,48.02852079453815,-57.64568066866304,8633,20.586352223455904,0.03770872950553894,0.03906562924385071,21.318666644096375,0.08765995502471924,0.09536415338516235
1343008640,76.68171787667566,-38.32095065532417,8640,20.47908654987812,0.03695689141750336,0.038259364664554596,21.72475994348526,0.10781198740005493,0.11970996856689453
2142908878,138.9016645914919,-10.597071998277702,8878,20.24810046508908,0.03155652433633804,0.03250123932957649,,,
3188108882,138.90174672230515,-10.597060565549876,8882,20.272793626338242,0.03839184530079365,0.03979932516813278,,,
2058208894,138.90165431309268,-10.59704546106547,8894,20.176191661432384,0.030185440555214882,0.031048711389303207,,,
171408966,123.04570318685072,3.723139477730206,8966,19.535014280974863,0.021962523460388184,0.022416040301322937,,,
1642808982,123.8332168998881,3.876053162592189,8982,20.23555846504867,0.030141565948724747,0.031002284958958626,,,
1600809033,123.69658851359998,3.4506449305869418,9033,19.96606048747897,0.026771174743771553,0.027448022738099098,,,
1516609034,123.786209296726,3.256532618048707,9034,20.32289548397064,0.0312771275639534,0.032204948365688324,,,
1391109041,123.71979972299955,3.5755281568832507,9041,20.403910377919672,0.032426510006189346,0.03342486917972565,,,
153409086,131.10866592105,51.641298418153504,9086,20.174855716452,0.02870932687073946,0.029489127919077873,,,
491409143,142.40078793160444,70.80907900879376,9143,20.556752147078512,0.03384336829185486,0.03493230789899826,,,
512709171,142.4008186477766,70.8089192071791,9171,20.600136430859564,0.03460228443145752,0.03574151545763016,,,
147109191,140.9856558450962,70.04915222106207,9191,20.722995685338972,0.03659293055534363,0.03786936402320862,,,
840409205,157.87861812770112,57.0881355851354,9205,20.799613432884215,0.03772757947444916,0.03908582031726837,,,
648309211,164.4050829990361,58.525037069915975,9211,20.517456779181956,0.03318939357995987,0.03423597663640976,,,
779809215,165.48297336177376,59.30974553484848,9215,20.68608461499214,0.03589726984500885,0.03712475299835205,,,
244509219,141.32601575586853,70.3856983204677,9219,20.527295904159544,0.033455900847911835,0.034519731998443604,,,
1279409222,157.87854128892607,57.0881006421851,9222,20.493685142993925,0.039206668734550476,0.04067562520503998,,,
246509224,147.73646813655884,69.13091468577517,9224,20.650803768932818,0.03853708505630493,0.039955414831638336,,,
128709267,158.64103198037174,57.54181500334116,9267,20.780155049562453,0.045220181345939636,0.04718579351902008,,,
470409273,157.1961345874655,57.40915337406929,9273,20.589158708155153,0.03473199903964996,0.03587987273931503,,,
1979709459,81.25788840869204,-48.6499991192168,9459,20.199231604039667,0.03318167291581631,0.03422780893743038,,,
787909655,128.956749958586,18.247495573158325,9655,20.28446468144655,0.034594107419252396,0.03573272377252579,22.390319414138794,0.14498472213745117,0.1673734188079834
801809657,181.14844753110413,-7.971115803699382,9657,20.356020541787146,0.04024982452392578,0.04179961979389191,21.66705549478531,0.12027949094772339,0.1352834701538086
1047009663,130.12288197553923,18.40144304871362,9663,20.428224006593226,0.03269903361797333,0.03371451050043106,22.066754109859467,0.11222988367080688,0.12518256902694702
1578109671,149.2426846572325,-10.523481866630252,9671,20.37003258794546,0.03698499873280525,0.03828950226306915,21.312874264717102,0.09438231587409973,0.10337501764297485
846009781,159.64174491159577,59.641988725807416,9781,20.377829806804655,0.031476374715566635,0.032416246831417084,,,
979109856,164.18548380037095,59.91574865755611,9856,20.889102430939673,0.040016770362854004,0.04154816269874573,22.23059386730194,0.12260496616363525,0.1382330060005188
846609857,165.65391874461474,58.74759066183199,9857,20.977566154599188,0.04174649715423584,0.04341602325439453,,,
750109881,157.7575509676647,57.84391466286869,9881,20.742236362695692,0.03762800246477127,0.038978978991508484,22.37557531118393,0.13106763362884521,0.14909058809280396
831409990,201.5116175861606,27.58356972905924,9990,20.830245600938795,0.03833673894405365,0.03974005579948425,,,
908609994,201.51160731901732,27.583352005112506,9994,20.619704151451586,0.03557838499546051,0.036783888936042786,,,
767809998,214.94396050839308,52.9949281852621,9998,20.683244006633757,0.040440745651721954,0.04200555384159088,,,
584610015,214.94401243288044,52.994878771436426,10015,20.230670427829025,0.029379138723015785,0.030196290463209152,,,
495710051,201.098720629375,27.6221162990944,10051,20.78446580648422,0.03743775188922882,0.03877498209476471,,,
2266810166,151.62353863021664,-33.65792366697337,10166,19.79512572839856,0.0259319506585598,0.02656649798154831,,,
878710469,164.53973480148522,58.640621827548,10469,20.68485154390335,0.03688674420118332,0.03818415105342865,,,
838710471,163.68755712860528,60.2098323506745,10471,20.900769816637037,0.04045210778713226,0.042017847299575806,,,
324110508,164.52921121055647,59.66571281306465,10508,19.280482070446013,0.019971951842308044,0.02034619450569153,,,
367610517,188.71016381554725,62.170171551937386,10517,20.410511853098868,0.033817142248153687,0.034904368221759796,,,
1125110522,189.9890680183196,62.41671050641242,10522,20.617013262510298,0.036767907440662384,0.03805682063102722,,,
72910529,164.0398863269765,58.98829459887396,10529,20.62043423384428,0.037078335881233215,0.0383894145488739,,,
399810771,242.72339071462147,53.652092367920446,10771,20.781461434364317,0.0512617826461792,0.053802430629730225,,,
75410788,248.96776633745745,41.802998006570846,10788,20.758202658891676,0.037846639752388,0.039213672280311584,,,
1435910830,249.80670180683643,41.66574284942475,10830,20.62530322551727,0.04432946443557739,0.0462166965007782,,,
278011011,218.94354452245832,34.43395495786708,11011,20.72533457159996,0.03843042999505997,0.03984078764915466,,,
1298111205,214.78413122362625,53.08358582579159,11205,20.478300439119337,0.04846639931201935,0.05073145031929016,,,
675111291,244.7035291920997,55.406214214736295,11291,20.324069099426268,0.0395088829100132,0.04100104793906212,,,
1039511506,254.04853623755517,-3.68203097797179,11506,19.915305120795963,0.029058046638965607,0.029857158660888672,,,
4124011532,253.69721365344736,-22.331050136602038,11532,19.3061453717947,0.0249364972114563,0.025522708892822266,,,
1833511551,254.27506368448653,-4.3497896056144105,11551,19.946509744897483,0.028669005259871483,0.029446575790643692,,,
1707711598,254.2750943952274,-4.349879331678745,11598,19.902634533047674,0.027867816388607025,0.02860196866095066,,,
1876411890,248.75516098013895,31.50772832917176,11890,20.728803636431692,0.04936393350362778,0.0517156720161438,,,
1141711912,242.38348046071275,53.67938812338697,11912,20.892293514609335,0.04251338541507721,0.044246092438697815,,,
1453111975,245.83083931211283,55.95799799142149,11975,20.61646434098482,0.03971800208091736,0.041226260364055634,,,
532512015,244.27340392339443,55.26844564938492,12015,19.977564090788363,0.03135407343506813,0.0322865042835474,,,
1539312039,257.99654866309857,60.26131729130628,12039,20.460256995558737,0.03739450126886368,0.038728490471839905,,,
1117312334,344.9485888983339,30.156490410054985,12334,20.35825690805912,0.03888130187988281,0.04032555967569351,,,
498212560,7.327248482811633,-44.64901156180029,12560,20.72231142401695,0.043236538767814636,0.04503004252910614,,,
800712676,4.894057602575743,-23.16530477044383,12676,20.579723106622694,0.03508586436510086,0.036257654428482056,,,
1323212897,354.22539801779874,-10.662480323701857,12897,20.06656529234722,0.028117273468524218,0.028864899650216103,22.096977837085724,0.15431314706802368,0.1799371838569641
458612952,333.6128668951421,-17.79430158181385,12952,20.490026535391806,0.033299773931503296,0.03435354679822922,,,
1301612992,352.09440012888365,0.4775223716360145,12992,20.355544263422487,0.03201993182301521,0.03299299627542496,,,
2387313336,54.5771643936243,-27.376302233347552,13336,20.70147621065378,0.05152154713869095,0.05408871918916702,21.773490912914276,0.14108926057815552,0.16220062971115112
2067913412,53.449925608659456,-27.4996700457322,13412,20.71232310116291,0.05334347486495972,0.05610033869743347,21.79421395778656,0.14701098203659058,0.17008095979690552
2028413503,7.212796607726268,41.14058214691707,13503,20.080729646999387,0.02815229119732976,0.02890180330723524,20.92398569703102,0.06860658526420593,0.07323578000068665
1577113507,14.751451025583698,40.97477889577264,13507,20.04832788689062,0.027813652995973825,0.02854493650374934,21.05489075899124,0.07266402244567871,0.07787823677062988
2351913511,6.717086447540555,42.833889113963295,13511,20.146807977855204,0.030104839242994785,0.030963439494371414,20.609793372154236,0.06134405732154846,0.06501853466033936
3357413533,16.649665711287213,45.38942686962121,13533,19.95764274701476,0.027509303763508797,0.02822447568178177,20.571981675624848,0.05916982889175415,0.0625811517238617
629513592,53.00913654272786,-27.04802534407437,13592,20.772187920212744,0.03739558160305023,0.03872975707054138,22.331218130588532,0.12749850749969482,0.1444879174232483
54313613,43.22924739269435,-37.13983840096211,13613,20.497369678616522,0.03296729177236557,0.033999718725681305,22.405779070854187,0.13114124536514282,0.14918595552444458
171113642,34.67115893706856,-5.883246007809822,13642,20.53822340995073,0.03391500562429428,0.03500867635011673,21.985235817432404,0.10899484157562256,0.12116998434066772
613113656,24.75635869138362,-17.948442986014108,13656,20.768041523098944,0.03741741180419922,0.03875307738780975,22.101703293323517,0.11490195989608765,0.12851685285568237
937213729,11.55725478847108,-44.2018045072786,13729,20.546749668121336,0.033798180520534515,0.03488421440124512,21.95453882932663,0.107785165309906,0.11967688798904419
504913766,37.25195368786262,-41.12620306430502,13766,19.327251972556112,0.019617751240730286,0.019978582859039307,21.718806035518647,0.09859263896942139,0.10844796895980835
1566913856,9.618973953303795,-41.822248421987,13856,20.56475258052349,0.03769267350435257,0.039048418402671814,21.771469123363495,0.10882586240768433,0.12096136808395386
2260413926,11.557525276341227,-44.20167940000439,13926,20.29245330572128,0.03869030624628067,0.04012010991573334,21.552953131198883,0.113564133644104,0.12684494256973267
1054314021,53.009068981646976,-27.048008777242963,14021,20.55386772930622,0.04645984619855881,0.04853721708059311,21.696188158988953,0.12954950332641602,0.14712810516357422
1389514058,79.78261332387777,-48.26138883286681,14058,20.370529672056435,0.03388853743672371,0.034980494529008865,20.927727825641632,0.07300883531570435,0.07827445864677429
3033514181,73.62138564627183,-3.1296244206967683,14181,19.565034123063086,0.023192428052425385,0.02369869500398636,19.765432111620903,0.04113778471946716,0.04275806248188019
4338714196,102.68397024154866,-36.210624748868376,14196,19.470216283500193,0.02248357981443405,0.022959038615226746,19.81605455994606,0.04230275750160217,0.04401803016662598
680414346,150.16586044976458,67.85304176937383,14346,20.486325981020926,0.0327431783080101,0.033761411905288696,22.051081664562226,0.11132389307022095,0.12405663728713989
2711414646,138.90161457277384,-10.597174297712009,14646,20.308102579712866,0.03569779917597771,0.0369114987552166,21.245782680511475,0.08995875716209412,0.09809136390686035
893114835,152.4313690958452,28.546797679992093,14835,20.560448082089422,0.03528144210577011,0.036466531455516815,,,
1797514941,122.56643237211122,6.47856114254441,14941,20.119267959073184,0.028923468198627234,0.02971511334180832,21.650730676651,0.0945785641670227,0.10361015796661377
1713414963,141.4761082586785,14.097819472290611,14963,20.366015924066303,0.03187602385878563,0.03284027799963951,21.619057066440583,0.09314090013504028,0.10188698768615723
332515000,162.6693375660162,57.96355150152138,15000,20.667593019008635,0.03667794167995453,0.037960484623909,,,
1044615026,162.87970217287543,57.57733134421096,15026,20.655876981019972,0.036032162606716156,0.037269145250320435,21.987905509471894,0.1093900203704834,0.12165933847427368
1131315039,162.67209028581547,4.211860074068034,15039,20.546782003641127,0.03467582166194916,0.03581993281841278,21.925084598064423,0.10727763175964355,0.11905163526535034
275615067,188.6721301593027,61.90652828079876,15067,20.737255873084067,0.037118420004844666,0.03843240439891815,,,
701115123,184.4206739921839,49.09484836681901,15123,20.660278150737284,0.0377732515335083,0.0391349196434021,,,
1146015128,220.97277840206087,64.20843811773702,15128,20.612782971858977,0.036480315029621124,0.037748776376247406,21.845238811969757,0.10623693466186523,0.11777102947235107
366015161,194.0989258430913,29.21717038382667,15161,20.73768130123615,0.037030354142189026,0.03833800554275513,22.144323892593384,0.1169702410697937,0.1311105489730835
389115268,193.8969152081335,27.061006287955664,15268,20.842260407209395,0.05446799099445343,0.05734562873840332,22.476339645385742,0.18614917993545532,0.22480666637420654
239215269,193.8969312774387,27.06094755369753,15269,20.566989989876745,0.04097074270248413,0.04257760941982269,22.149370617866516,0.13898074626922607,0.15941917896270752
934615290,199.56296137187977,47.52569981740273,15290,20.470417426824568,0.03289222717285156,0.033919960260391235,22.07794279575348,0.11387497186660767,0.12723326683044434
298415494,165.62247375886085,28.56653925232654,15494,20.525736087858675,0.03474283963441849,0.03589145839214325,22.0078200173378,0.11346906423568726,0.1267269253730774
1128415771,210.2476177527235,37.68044905117592,15771,20.56877116292715,0.03657262772321701,0.0378476083278656,,,
741815801,201.0988637800137,27.622213759970528,15801,20.695608021616934,0.039188116788864136,0.04065565764904022,,,
1076115805,242.23864343388144,55.43997181445497,15805,20.45740934640169,0.03537885844707489,0.03657061606645584,,,
1188215839,257.92416219590285,60.11719581227825,15839,20.403098599910734,0.034464094787836075,0.035593993961811066,,,
1443415938,201.5116839295079,27.583469446078915,15938,20.661631958484648,0.04348788410425186,0.04530265927314758,,,
1016315981,201.0988878299099,27.6221216923562,15981,20.809802399873732,0.05016893148422241,0.05259983241558075,,,
2368215994,195.95786232795453,-17.31425161275647,15994,19.906508071273564,0.02703458070755005,0.027724970132112503,,,
2871116122,207.4402946253066,-30.47271222656943,16122,20.128436974175273,0.029173733200877905,0.029979324899613857,,,
979716133,219.5867500860141,33.26737629130005,16133,20.735189305543898,0.03665860742330551,0.03793977200984955,,,
940316134,214.94796248898288,25.10406941206691,16134,20.79799613535404,0.03778629004955292,0.039148926734924316,,,
522016161,218.0718203819185,34.67096552533572,16161,20.791518824100493,0.039425790309906006,0.040911510586738586,,,
441416222,216.0771103084889,32.90872660775999,16222,20.816230388283728,0.0379963219165802,0.03937453031539917,,,
349716262,218.9434214693834,34.43395671088091,16262,20.58352796912193,0.039995238184928894,0.041525065898895264,,,
927616312,201.51154570280343,27.583684323463416,16312,20.659547733068464,0.038368478417396545,0.03977421671152115,,,
369016368,200.958351494998,27.724031677672524,16368,20.627176115214823,0.035222843289375305,0.036403946578502655,,,
1208016491,219.40495053996293,34.174516875115884,16491,20.58500616431236,0.04157014191150665,0.043225400149822235,,,
1520916497,219.52941961647895,33.101965905945626,16497,20.71486412167549,0.04234235733747482,0.04406087100505829,,,
481716516,217.5663426752592,32.52276205799026,16516,20.703222440481184,0.04365295171737671,0.0454818457365036,,,
1659216528,201.51163291043773,27.583594636758743,16528,20.68118783265352,0.04372406750917435,0.04555907100439072,,,
191516531,216.6884317254182,34.45648447918394,16531,20.740770684480665,0.04512868821620941,0.04708603024482727,,,
1333016693,251.6577940834489,25.319994305892703,16693,20.657310658991335,0.037192441523075104,0.038511864840984344,,,
762316705,251.53782175921128,-2.334367888646301,16705,19.994124449715017,0.02827637828886509,0.02903252374380827,,,
1552316796,254.27524680177177,-4.349954163638914,16796,19.97252892322838,0.027096262201666832,0.027789827436208725,,,
2738716852,273.3506572450011,17.533850008910168,16852,19.96430514000356,0.027104606851935387,0.02779860980808735,,,
2540116950,252.0945444260705,-2.371982381226673,16950,20.105735048111526,0.030030728376004845,0.03088504308834672,,,
1787316997,21.899202145558,-75.76376020896733,16997,20.44688607186079,0.032768696546554565,0.033788569271564484,,,
370517015,251.52129146108132,35.14451252007462,17015,20.899489285349844,0.05942389369010925,0.06286546587944031,,,
775917057,247.82867359156955,40.86455697564105,17057,20.629194440245627,0.039961040019989014,0.041488222777843475,22.12367088317871,0.13023346662521362,0.14801204204559326
44617070,247.1081469697158,40.86112361208475,17070,20.68980062931776,0.03645159304141998,0.03771807998418808,22.132881588935852,0.11638373136520386,0.13037413358688354
609417084,248.6762203125591,40.51064085109648,17084,19.706926742494105,0.023211687803268433,0.02371877431869507,,,
1253817593,324.68248789988206,-1.629265907897258,17593,20.388479983359574,0.03195788711309433,0.03292718902230263,,,
1127017893,351.6222946772068,0.0217616020730865,17893,20.347633758485316,0.04245992749929428,0.044188257306814194,21.77563727617264,0.13329684734344482,0.1519826054573059
870817935,275.68950696375254,64.91892502945103,17935,20.381296710968016,0.03453552722930908,0.035670287907123566,21.04422793507576,0.07734805345535278,0.08328378200531006
80418081,358.4718761103474,-10.542926747030585,18081,20.433389419615267,0.033446960151195526,0.03451019525527954,22.291819460392,0.12823224067687988,0.14543116092681885
818318139,353.795394601563,-2.390868654283137,18139,20.352375680506228,0.03186563029885292,0.03282919526100159,22.337059981822968,0.12847661972045898,0.1457458734512329
1724818186,336.7215846710747,13.78764732548282,18186,20.27608102738857,0.03168916329741478,0.03264196217060089,21.12730175971985,0.07780566811561584,0.08381485939025879
1371918229,351.4640952624958,-12.837972750409373,18229,20.655558617711065,0.041318200528621674,0.042952969670295715,21.964769370555878,0.12375831604003906,0.1397019624710083
3958418380,7.705461317539268,-71.85029970360242,18380,19.827274219989775,0.030632521957159042,0.03152191638946533,21.17675498843193,0.09014010429382324,0.09830683469772339
382218456,35.18730679871327,-5.050188478067659,18456,20.596708455979822,0.03678537905216217,0.0380755215883255,21.932286925315857,0.11196941137313843,0.12485802173614502
438318573,53.0090514169725,-27.04804369771685,18573,20.463043512701987,0.032585784792900085,0.033594146370887756,21.597632474899292,0.09189367294311523,0.10039657354354858
1370918667,34.2147004440917,-5.376349961008984,18667,20.610192777514456,0.04298809915781021,0.044760555028915405,22.7508699965477,0.1835992932319641,0.22109419107437134
958718753,51.260578168311554,-17.215733777226472,18753,20.52995483011007,0.033865123987197876,0.03495551645755768,21.57528371334076,0.09117424488067627,0.09953826665878296
2981918914,35.43201839913608,-5.275935361409017,18914,20.642783256173132,0.049318261444568634,0.0516655296087265,22.190139300823212,0.16267716884613037,0.1914215087890625
828220374,138.07681634917898,8.588960422036322,20374,20.484542982578276,0.03320705145597458,0.03425478935241699,,,
1769820420,146.56297117714604,-0.415360381957358,20420,20.436691144406794,0.03465503454208374,0.03579769283533096,21.14209160923958,0.07967233657836914,0.08598491549491882
537320620,144.90757187342228,3.39109943257916,20620,20.3488211761415,0.03280574455857277,0.03382796421647072,,,
138620869,163.81676356697207,-3.5945249681759712,20869,20.431038090884684,0.03393642604351044,0.03503143787384033,21.940411336421967,0.11181235313415527,0.12466281652450562
409720925,124.20960526245844,71.16635520147753,20925,20.654418380856512,0.03689378499984741,0.03819171339273453,21.829579181671143,0.10417580604553223,0.115242600440979
269520926,156.85876009529616,71.06525673588423,20926,18.80961863875389,0.015789717435836792,0.01602262258529663,21.589514322280884,0.09358078241348267,0.10241389274597168
689021051,214.9440870066859,52.9949275615562,21051,20.58304628908634,0.03653433173894882,0.037806592881679535,,,
1194121066,215.5172124546043,53.09610927311208,21066,20.175272958278654,0.0310288043692708,0.03194172866642475,22.010308511257172,0.11889338493347168,0.13353228569030762
985821111,201.51160574793204,27.58364885901548,21111,20.783546330332754,0.040407851338386536,0.041970089077949524,,,
409821120,185.3627337044065,30.64246155872777,21120,20.82926599860191,0.03915838897228241,0.04062376916408539,,,
1266021148,213.0865908053837,-1.70490421603699,21148,20.289180526435374,0.030765552073717117,0.03166280686855316,21.10664681315422,0.07448136806488037,0.07996976375579834
984321151,201.51163894972692,27.58355805122677,21151,20.890560062527655,0.0427313894033432,0.0444822758436203,,,
967921165,201.5116234527405,27.583545777205533,21165,20.444012978971003,0.03527548164129257,0.036460161209106445,22.6700115275383,0.15996843576431274,0.18767952919006348
616821188,218.44277178457085,0.2999558029717198,21188,20.571928383708,0.03475744277238846,0.035906992852687836,21.808835871219635,0.10109901428222656,0.11148840188980103
719921235,201.5116278139852,27.583621260498692,21235,20.81353201150894,0.03775298595428467,0.03911308944225311,22.54553139925003,0.13798892498016357,0.15811502933502197
830021380,211.98666655439277,35.01251273567371,21380,20.651704693138598,0.04101678729057312,0.042627379298210144,22.102748758792877,0.13221323490142822,0.15057533979415894
1051821432,201.5115589118232,27.583593597674977,21432,20.926532359719275,0.04494033753871918,0.046881139278411865,,,
1324221498,201.2325599552664,27.95502012711485,21498,20.92341950714588,0.057321712374687195,0.06051748991012573,21.92710847377777,0.1502576470375061,0.174444317817688
2129121528,201.51163481961697,27.58357418709892,21528,20.87556696116924,0.05723811686038971,0.060424357652664185,,,
906521569,201.511693949725,27.58356415109028,21569,20.887261765003203,0.04146106541156769,0.043107420206069946,22.66726643562317,0.15398502349853516,0.1794913411140442
1762721616,201.5114982160916,27.58365330827991,21616,20.84598435640335,0.050206929445266724,0.05264155566692352,21.93198204755783,0.13694673776626587,0.1567476987838745
3089522133,271.7424334772035,16.176841944035008,22133,20.14221673917025,0.03422327805310488,0.03533723298460245,,,
2833422274,249.7079709710392,40.914823222162376,22274,20.935698883533476,0.06768010556697845,0.07218122482299805,,,
1012922959,350.1187018063466,-54.95932355938209,22959,20.865335972905157,0.06215393543243408,0.06592929363250732,22.150460488796234,0.18224239349365234,0.21912693977355957
858423116,262.7803411356564,58.854496945219296,23116,20.548367487192152,0.03477748483419418,0.035928450524806976,21.066681302785874,0.07379934191703796,0.07918372750282288
769523239,349.39861695749613,4.739820350233397,23239,20.307501336485146,0.03270367160439491,0.03371942788362503,21.409506208896637,0.0897836685180664,0.09788244962692261
593123257,355.80975304228605,11.363569204937823,23257,20.522536324262617,0.03571562469005585,0.0369306281208992,,,
116323264,353.9105400812542,30.25743054706185,23264,20.291581233888863,0.03238776698708534,0.03338368609547615,,,
1054723300,4.597080374881834,16.862296587998923,23300,20.328680748045443,0.03413299098610878,0.035240985453128815,,,
1332223324,4.709297492891877,16.250857498413172,23324,20.248033614754675,0.030989274382591248,0.0318998284637928,,,
1397123342,357.87791385474543,-13.731315924677622,23342,20.488968068659304,0.03376241773366928,0.03484610468149185,22.127320773601532,0.11724203824996948,0.13145208358764648
903023361,355.9381755898631,-5.567550263518904,23361,20.371966702789067,0.031859371811151505,0.0328226201236248,22.273580141067505,0.12396305799484253,0.1399630308151245
2535223389,10.871385301676154,42.38760977821919,23389,19.937577476650475,0.029905177652835846,0.030752234160900116,20.597614504098892,0.06577223539352417,0.07001519203186035
1597023505,13.115337087941482,0.0978195576350947,23505,20.40660875469446,0.03938732668757439,0.040870048105716705,22.09404499053955,0.13912349939346313,0.15960752964019775
4116423519,10.288136197738927,41.927095223685946,23519,20.124827642850576,0.043807709735119715,0.04564987029880285,,,
2187923695,17.344101551689743,-1.0545934655184876,23695,20.495460430085657,0.04443001002073288,0.04632607102394104,22.177512056827545,0.15568405389785767,0.18180519342422485
302423962,35.78717788653571,-30.72896288218508,23962,20.61578685969114,0.03486614674329758,0.036023035645484924,22.16639310836792,0.11789083480834961,0.13226866722106934
1578824230,11.96276846844676,-41.36919757267566,24230,20.78843756198883,0.04877626895904541,0.05107097327709198,22.131439156532288,0.14823108911514282,0.17171740531921387
1231224257,48.78213333252507,-10.62070395245068,24257,20.36115842491388,0.033478494733572006,0.03454379737377167,20.78745902299881,0.06818875670433044,0.07275998592376709
3402524537,56.43239697687108,26.083420579411783,24537,19.419282140135763,0.027495697140693665,0.02821013331413269,,,
949024567,55.89874983829151,26.35815567094432,24567,19.361978905200957,0.027552172541618347,0.028269588947296143,,,
902124568,55.89886770696145,26.35820074089828,24568,19.339692579507826,0.029624998569488525,0.03045603632926941,,,
1052224683,55.947349839714654,26.634233221879608,24683,19.265810610651968,0.021024048328399658,0.021439269185066223,,,
402824799,147.0600774307257,67.34190276501795,24799,20.283224904835222,0.029966365545988083,0.030816979706287384,21.74771190404892,0.0979006290435791,0.10761082172393799
910324821,158.45008045335518,68.26579839896496,24821,20.76713769316673,0.03731369972229004,0.03864184021949768,22.035281665325165,0.11105328798294067,0.12372016906738281
888524828,56.04924189863245,-22.53928509306578,24828,20.596983680427073,0.03456510603427887,0.03570180386304855,21.873297698497773,0.10286509990692139,0.1136404275894165
2316925145,148.7352119534283,7.886984019126401,25145,20.37081480577588,0.03662208095192909,0.03790060058236122,21.625805504322052,0.10716110467910767,0.11890798807144165
875125632,190.2099648274459,62.42885184119437,25632,20.77213844835758,0.0370817631483078,0.03839321434497833,22.3538431596756,0.1269879937171936,0.14383256435394287
1941725715,124.61269572560984,19.85253318778526,25715,20.301862625330685,0.03168463706970215,0.03263717517256737,21.618902988433838,0.09435266256332397,0.10333865880966187
1569825773,130.32471668805303,17.055299886308763,25773,20.547805974185465,0.036181434988975525,0.03742888569831848,21.93780422925949,0.11157095432281494,0.12436270713806152
452825774,129.13670387479465,16.590928231581806,25774,20.210950910970567,0.031146109104156494,0.032066041603684425,,,
2934025798,150.53310583611488,2.3760611355085435,25798,20.591548742651938,0.04630960524082184,0.048373155295848846,,,
870025858,164.23743914172124,-3.36235778714008,25858,20.395252505242823,0.033844783902168274,0.03493376076221466,,,
868925859,164.2374043102474,-3.362328470902105,25859,20.508368113934992,0.035482458770275116,0.036681294441223145,,,
2157825871,135.86537617917108,-0.3922426925184567,25871,20.26977804109454,0.04465646110475063,0.04657227545976639,22.070486552715302,0.16347825527191162,0.19253194332122803
695525989,130.1488081394081,45.2033146436445,25989,20.37903570190072,0.03137147054076195,0.0323050282895565,,,
1236926011,164.23735857318962,-3.3623206868462323,26011,20.550737293362616,0.04186496138572693,0.043544210493564606,22.275311059951783,0.15015602111816406,0.17430752515792847
421426035,131.26122136403458,45.71312622159173,26035,20.592772127985953,0.03465026617050171,0.035792626440525055,22.255514271259308,0.12156367301940918,0.13691067695617676
54126113,127.17316138314696,66.03981655959936,26113,20.594017790555952,0.036507509648799896,0.037777870893478394,,,
1278326128,151.06006934604818,1.6830708615213297,26128,20.505074212253092,0.03561902791261673,0.036827363073825836,21.391463584899903,0.08803755044937134,0.09581059217453003
720326161,130.13464434159,45.0853740439248,26161,19.560981677770613,0.022365935146808624,0.02283632755279541,,,
668226284,209.9837327798097,5.038737685784454,26284,20.568188341259955,0.035453662276268005,0.036650560796260834,22.546626336574555,0.14268159866333008,0.1643100380897522
939826286,210.6105377022185,5.680591513642275,26286,20.67356141835451,0.03716081380844116,0.03847789019346237,21.90286964893341,0.10772913694381714,0.11960774660110474
501726387,186.6350865234676,33.788515366099446,26387,19.924721443951128,0.02679022029042244,0.027468008920550346,,,
1218326488,212.80321225597575,6.832100433917251,26488,20.431198501884936,0.032144151628017426,0.03312494605779648,,,
1604226637,185.3258272059503,6.59681244703783,26637,20.695671798586844,0.040627121925354004,0.042206645011901855,,,
1625126841,187.52844180278683,1.2481407875381936,26841,20.472537862062453,0.0344143807888031,0.03554105758666992,,,
779726878,210.77985718076857,54.05960459988896,26878,20.365613443702458,0.03442840650677681,0.035556014627218246,22.146810896396637,0.12655377388000488,0.1432749629020691
1017427003,240.2909909842477,57.19506636630951,27003,20.458469452261923,0.03776051104068756,0.039121322333812714,21.610648341178894,0.10652273893356323,0.11812210083007812
1209927014,204.3231996653089,40.9086000908964,27014,20.910121412873266,0.045081526041030884,0.047034695744514465,22.08229900121689,0.12804239988327026,0.14518707990646362
3144627068,270.0679617393393,66.8104105691935,27068,20.449424633681772,0.044323354959487915,0.046210065484046936,21.035095311403275,0.09591415524482727,0.10521546006202698
1120627074,244.27133809884936,30.42647783854999,27074,20.180437328219412,0.030487002804875374,0.03136784769594669,,,
421527130,230.1924750172311,4.130746781615206,27130,20.332673048526047,0.031401850283145905,0.03233717754483223,,,
376127248,245.1294468847624,13.83222037660153,27248,20.42776300191879,0.03220289945602417,0.033187344670295715,21.42917514562607,0.08471399545669556,0.0918877124786377
1105127734,238.53214676771225,56.91723885545791,27734,20.88050379037857,0.04724964499473572,0.049399808049201965,21.734673388004303,0.11628031730651855,0.13024389743804932
135028122,328.8517751648581,-2.640474347303492,28122,20.2191268055886,0.029699765145778656,0.030535077676177025,21.04333922982216,0.07184013724327087,0.07693260908126831
1181628331,323.00542975570414,-1.5328996518689972,28331,20.328113572597502,0.03285188227891922,0.03387698903679848,,,
1340328450,333.8193119402719,1.0617558319665243,28450,20.46402650505304,0.03572933375835419,0.03694523125886917,21.32952571630478,0.08790388703346252,0.09565263986587524
1114928486,2.706065478508592,-0.6486693624248508,28486,20.42995961934328,0.03434430807828903,0.03546625375747681,21.61754012823105,0.098227858543396,0.10800659656524658
616928496,350.62483148368074,-13.8748421758713,28496,20.317069465219973,0.03248995169997215,0.03349225968122482,22.15134949207306,0.1231876015663147,0.13897478580474854
1941628507,4.892305847797465,-1.1764496661584325,28507,20.577752018272875,0.041721053421497345,0.04338856786489487,22.040022916793824,0.13349533081054688,0.15224099159240723
1509128525,359.4915595669778,-3.689567069487856,28525,20.542991930544375,0.035248249769210815,0.03643110394477844,21.7316228222847,0.10057985782623291,0.11085748672485352
1330828535,356.6743698909276,1.9717591878322736,28535,20.59279932260513,0.03598824143409729,0.037222132086753845,21.995593316555023,0.1125180721282959,0.125541090965271
587528561,359.33653448644515,-12.980567492368788,28561,20.51820112943649,0.0342082604765892,0.035321228206157684,22.166883356571198,0.11974424123764038,0.13460665941238403
1333228619,326.1504926652386,0.7058984995116074,28619,20.41382002264261,0.03538981080055237,0.03658231347799301,21.23656079888344,0.08539989590644836,0.0926952064037323
1348328641,9.510051368845224,3.684011380687599,28641,20.646809400916098,0.03551308065652847,0.036714039742946625,22.26614416360855,0.12200325727462769,0.13746917247772217
2979428740,12.450739867169728,42.33730782768579,28740,19.976385660395025,0.028183860704302788,0.028935009613633156,20.673926181793213,0.06222277879714966,0.06600677967071533
1395728963,343.3489510454172,16.585218351802716,28963,20.305967932492493,0.048219822347164154,0.05046132951974869,21.72288746356964,0.149877667427063,0.1739320158958435
111329071,342.9423665331128,-1.369915809814921,29071,20.533002788126467,0.039197541773319244,0.04066582769155502,21.810773022174835,0.1157638430595398,0.1295962929725647
232129077,348.20382442194,1.2606350180975248,29077,20.414228314459322,0.03265600651502609,0.03366868942975998,21.91424340724945,0.10675311088562012,0.11840552091598511
620329129,28.146914028251157,13.665831326514851,29129,20.24593988984823,0.030233412981033325,0.03109944984316826,,,
853929131,35.09314564225298,-8.140951831703251,29131,20.4652903842926,0.03300406038761139,0.03403887152671814,21.518007225990296,0.08903235197067261,0.09699046611785889
1547429274,33.22984471731569,0.908723929046959,29274,20.442252220511435,0.034182555973529816,0.035293884575366974,,,
690829407,35.49368132075316,-5.188089390070956,29407,20.477904329001902,0.03321591764688492,0.03426428884267807,21.99133605480194,0.10983467102050781,0.12220919132232666
1048729439,338.687471668774,-60.9300947633358,29439,20.41517740666866,0.033031608909368515,0.03406807780265808,22.053112394809723,0.11531561613082886,0.12903451919555664
542329443,10.346021894898668,-42.07784477182207,29443,16.177282767295836,0.004697144031524658,0.004717707633972168,22.322464890480042,0.1292666792869568,0.1467636227607727
64829645,52.35112718394663,-27.548141314232605,29645,20.75652590572834,0.040563568472862244,0.04213802516460419,,,
1229929703,36.64736629691672,-5.0888545465775294,29703,20.412069173455237,0.033062249422073364,0.03410074859857559,22.31409133195877,0.12958377599716187,0.14717251062393188
696130051,54.38665480241892,-0.7002940529404015,30051,20.20431254610419,0.02967976965010166,0.030513955280184746,20.901468850374222,0.06772935390472412,0.07223710417747498
2118330072,58.967924133854616,-0.2406926103288941,30072,19.80193332388997,0.025226380676031113,0.02582646906375885,20.115200437307358,0.04822961986064911,0.05047202110290527
66430076,42.66970182167096,-1.201712261717609,30076,20.489724749624727,0.04048842936754227,0.042057037353515625,,,
549930122,53.00643872425395,-27.044224808271032,30122,20.038832012489436,0.027085524052381516,0.02777853631414473,22.186713523864746,0.12013673782348633,0.13510316610336304
759930472,126.4120555742337,33.67847289464288,30472,20.419035242795943,0.03309248015284538,0.03413289785385132,,,
1973930537,125.01726187952252,18.884352519119044,30537,19.85968184277415,0.025432053953409195,0.02604205161333084,,,
1896030617,130.42885038448466,23.31226947827466,30617,20.382481185644863,0.0319688580930233,0.03293881192803383,21.758271462917328,0.09817510843276978,0.10794311761856079
149330626,132.75901980785926,31.359562017214543,30626,20.58278391689062,0.03482077270746231,0.03597468137741089,22.5602480840683,0.1396709680557251,0.16032874584197998
1439130668,133.73580749687977,2.56243547638173,30668,20.451345244348047,0.033044181764125824,0.03408152610063553,21.632356054782868,0.0931406021118164,0.1018872857093811
1088930797,136.0838993342748,21.905738073128227,30797,20.36660224750638,0.03139425069093704,0.03232913091778755,21.567106552124024,0.08977770805358887,0.09787559509277344
1704230849,158.64410376675323,11.19795263360738,30849,20.259096702486275,0.04431936889886856,0.04620572552084923,21.841271228790283,0.1477426290512085,0.17106175422668457
2686030851,149.0996165647935,6.800114694642111,30851,19.989541755914686,0.03235902637243271,0.03335313405841589,,,
396530860,164.03998466687307,58.9884702151809,30860,20.604057708680628,0.03462694585323334,0.035767704248428345,,,
1679730884,128.19257178941766,4.897618333382796,30884,20.417360128760336,0.03314495086669922,0.03418866544961929,,,
667330888,136.50122339774686,24.51266400614963,30888,20.404734672904013,0.03276567906141281,0.03378532826900482,,,
844930927,159.0038708000034,5.120128037560828,30927,20.476936796605585,0.03413800150156021,0.0352463498711586,22.097668058872223,0.1175263524055481,0.13180971145629883
1215931118,181.69899594359865,1.7248353863384285,31118,20.558690341114996,0.0364355742931366,0.03770090639591217,22.078474469184876,0.11956959962844849,0.13438642024993896
1708031274,120.71003940485214,36.46001899267353,31274,20.31936618119478,0.03126252442598343,0.03218945115804672,,,
1187731277,187.21912832527624,1.339141973975868,31277,20.54369407325983,0.0339508056640625,0.035046860575675964,,,
325531313,153.73418909146815,61.17030144575962,31313,20.66624744415283,0.038687996566295624,0.04011757671833038,,,
1529731347,173.3178822930586,13.739530430540592,31347,20.591092506349085,0.03528546541929245,0.036470815539360046,,,
1345631410,187.23443080387548,1.0610841197202074,31410,20.49535325348377,0.0344163179397583,0.03554306924343109,,,
1380431420,187.23426481272315,1.0610340739303017,31420,20.51684221804142,0.03489743918180466,0.03605645149946213,,,
712631423,188.37795691259925,31.339094782351964,31423,20.750187920331953,0.03822140395641327,0.03961615264415741,,,
488631443,197.2487102887814,28.970924786143947,31443,20.62250530898571,0.036186836659908295,0.03743462264537811,,,
790531470,202.8028050645932,29.53000623269262,31470,20.015562978498636,0.027140150777995586,0.02783600939437747,20.867054767608643,0.06781980395317078,0.07234007120132446
923431475,218.94303545406453,34.434056748336786,31475,20.957339020371435,0.04220545291900635,0.043912678956985474,22.19571918964386,0.12390881776809692,0.1398932933807373
104831685,187.73163460107008,31.86956702683037,31685,20.713579865097998,0.0373506173491478,0.038681477308273315,,,
173031849,193.16682274741493,28.48595020621985,31849,20.662222677767275,0.0365225225687027,0.03779403865337372,,,
520831850,197.395818321163,28.984424255005884,31850,20.870589973330496,0.039248988032341,0.04072129726409912,,,
84331875,187.7319843862152,31.86968483633788,31875,20.631880002021788,0.03512632101774216,0.0363009050488472,,,
459331893,176.7730355120216,-0.9151090440056716,31893,20.639970326721667,0.03528285771608353,0.036468058824539185,22.114251263141632,0.11434406042098999,0.12781977653503418
854432121,204.57780343391025,41.447644148315874,32121,20.744348751306532,0.041041299700737,0.04265390336513519,22.10346848487854,0.12666195631027222,0.14341384172439575
56232329,216.4831031004444,-1.5655577714510729,32329,20.474681729376314,0.033761896193027496,0.03484554588794708,21.590745158195496,0.09312093257904053,0.10186344385147095
1301732346,219.66400189436175,-2.957059558220405,32346,20.189900766983627,0.02992335706949234,0.03077150322496891,,,
1508832357,221.95818533681756,-0.3000022824896831,32357,20.45197895348072,0.03401055932044983,0.03511052578687668,21.839584119319916,0.10551929473876953,0.11688888072967529
172332430,224.2926610775424,7.368800449774807,32430,20.297469595372675,0.03121873363852501,0.03214303404092789,,,
326832506,245.6488107005576,35.603066683114804,32506,20.83446233153343,0.03836415708065033,0.03976956009864807,,,
2778832574,241.43608571029927,42.23052601607476,32574,20.882424550056456,0.05898907780647278,0.06237894296646118,,,
907332594,237.59190930001705,42.031896496717714,32594,20.673281500041483,0.035617128014564514,0.0368252769112587,,,
438832648,221.33557755212837,8.858559179235234,32648,20.448424989283083,0.032270289957523346,0.0332588329911232,,,
49432694,210.1126142637797,44.12591119886569,32694,20.18778050869703,0.02853994257748127,0.029310453683137894,,,
178232706,214.53774730840084,9.365914209557426,32706,20.595835247933863,0.0349937379360199,0.03615923225879669,,,
793232811,215.57088645433456,52.51311920476024,32811,20.695815222263334,0.039819106459617615,0.041335225105285645,,,
1535432843,214.4766849985956,54.30743516840708,32843,20.77870688021183,0.04386402666568756,0.04571110010147095,,,
277933490,256.723112866486,37.4085384066824,33490,20.61451620042324,0.048067569732666016,0.05029458552598953,,,
1107633598,332.682179261141,1.271561867168299,33598,20.39884007155895,0.03487832844257355,0.036036036908626556,,,
385533691,9.149621773486512,42.30479832954273,33691,20.226514950320123,0.03289283253252506,0.03392054699361324,,,
2279433855,12.224468527969789,42.18413280742031,33855,19.925527317374943,0.027133356779813766,0.02782885916531086,,,
284534143,333.4473902890875,-17.728159945539606,34143,20.548225963413714,0.034248530864715576,0.035364143550395966,,,
2407134300,11.085862366032938,39.89759509077986,34300,20.160494005233048,0.030002943240106106,0.030855657532811165,,,
2419934357,11.073127079949543,40.44600076053887,34357,20.034516859725116,0.028595752082765102,0.029369313269853592,,,
1299934393,306.81728851225785,76.0132306736509,34393,20.184129454120992,0.02973644994199276,0.030573876574635506,,,
4279834475,11.771654004996993,41.05553099974383,34475,19.98408728830516,0.029174843803048134,0.029980493709445,,,
1418534481,38.65599003879116,25.575199559940454,34481,20.17251453913748,0.029324693605303764,0.030138762667775154,,,
1560834515,92.49225437379684,64.76257705987484,34515,20.444145785570143,0.037113577127456665,0.03842730075120926,,,
806334620,21.942798846094657,-1.007050451030233,34620,20.564768263995646,0.03581944853067398,0.037041567265987396,,,
994934656,36.39166866797031,-5.027633881367176,34656,20.620094673633574,0.03612644970417023,0.0373699888586998,,,
357134738,37.307062460354885,-10.162283482491295,34738,20.526747839450834,0.037209391593933105,0.03852996975183487,,,
670134856,53.1685545208896,-26.356797595234998,34856,20.751371594071387,0.039673373103141785,0.04117824137210846,,,
840634960,10.359100801550785,42.54911842212532,34960,19.91323374763131,0.026747677475214005,0.02742328681051731,,,
1057534977,31.753816294183444,-5.245331200520534,34977,20.462188223302363,0.03436606377363205,0.035489536821842194,,,
2693935016,11.892994381251114,40.780813055518685,35016,19.82951861426234,0.025476329028606415,0.026088543236255646,,,
455035180,53.07366536511783,-27.3187281742699,35180,20.752178640961645,0.03686651587486267,0.0381624698638916,,,
927635297,54.57736050633284,-27.37598418760236,35297,20.558849969804285,0.03399025648832321,0.03508884459733963,,,
447435351,31.334109564602645,-5.811704999189704,35351,20.528178872466086,0.03444362431764603,0.03557223826646805,,,
1208235384,53.400734230912136,-28.82202233959383,35384,20.766843767762182,0.03952130675315857,0.041014477610588074,,,
426535614,133.00935581471927,-5.775061613769047,35614,19.91035685494542,0.027939900755882263,0.028677918016910553,,,
2876135645,107.50644605051684,38.52684092923436,35645,20.271720612347124,0.03233412280678749,0.03332668915390968,,,
1639035677,119.01475774725046,31.387181482381337,35677,20.40045993953943,0.03313994035124779,0.03418333828449249,,,
2183835735,122.96519442716352,-6.882183012367884,35735,20.238593002706764,0.03072218969464302,0.03161691129207611,,,
1584335739,115.55798573688698,40.0302432645227,35739,20.3640906009078,0.036051925271749496,0.0372903048992157,,,
470635746,116.44441911269966,46.88073624661758,35746,20.489566983580588,0.03372788429260254,0.03480929881334305,,,
61235846,135.61740354077614,58.803430462866174,35846,20.86891098499298,0.0389658659696579,0.04041649401187897,,,
441435858,137.00520591067396,64.94998474434034,35858,20.662525879144667,0.035876259207725525,0.03710232675075531,,,
615735874,145.9734800788214,56.65570621904198,35874,20.90042835652828,0.0394187867641449,0.04090406000614166,,,
861435912,155.36319406533767,50.917858730532,35912,20.720033334493635,0.03637593239545822,0.03763705492019653,,,
726235916,160.76433945848433,57.74261583716259,35916,20.459625298082827,0.03232352435588837,0.033315420150756836,,,
866735928,176.86913861660292,66.7337470694113,35928,20.716318027973173,0.03804545849561691,0.03942713141441345,,,
624735936,161.20694652450462,52.17418244563899,35936,20.917503671646116,0.03984406590461731,0.04136212170124054,,,
735335938,168.58575091270586,58.89796710333685,35938,20.1892411018908,0.028585810214281082,0.029358835890889168,,,
992035949,174.86598722095067,61.92491314005194,35949,20.863704817295073,0.046921223402023315,0.049040913581848145,,,
588835951,188.52273354771137,67.78290334184697,35951,20.84695017516613,0.03869637846946716,0.04012666642665863,,,
1220436053,149.82873361220396,43.839545710661,36053,20.552405366599558,0.03438793122768402,0.03551281988620758,,,
1690236101,137.51290694628318,20.593612488377136,36101,20.040324419662355,0.027872873470187187,0.028607306303456426,,,
1128936111,138.23002654893278,20.007730799052663,36111,20.352458028048275,0.03258185461163521,0.03358989953994751,,,
1306636405,164.7554417304187,6.241282681820817,36405,20.389209693223236,0.03202861174941063,0.03300221636891365,,,
187136519,126.35885955225756,10.5868706932829,36519,20.337521383464335,0.031420737504959106,0.03235720098018646,,,
1216436614,123.95453804727444,46.02152826210489,36614,20.401260280907152,0.03279367461800575,0.03381505608558655,,,
1031136701,214.4766584410838,54.30755173170216,36701,19.161557393074034,0.01850895583629608,0.01883000135421753,,,
1284736705,146.54550911456136,15.544246778248098,36705,20.458133244812487,0.03332793712615967,0.03438349813222885,,,
1153636706,203.78982924670493,50.65443901744856,36706,20.656024800539015,0.036008432507514954,0.037243813276290894,,,
198236788,214.944026452692,52.99479374059455,36788,20.535181561410425,0.03357876092195511,0.03465048968791962,,,
588636796,183.8422608259315,36.57956647197988,36796,20.813413845300673,0.0430741161108017,0.04485383629798889,,,
218436842,187.9121814565819,8.232733914302672,36842,20.625965693891047,0.03532342612743378,0.0365113839507103,,,
1218236944,190.51587942936817,15.67471189599817,36944,19.746599594056605,0.024244040250778198,0.024797841906547546,,,
271137148,170.1927691624218,26.848333037086224,37148,20.81804900050163,0.03801405429840088,0.03939338028430939,,,
896637162,158.11678990493033,32.08548621883248,37162,20.68212168842554,0.03611370921134949,0.03735635429620743,,,
1631137194,193.47192280276488,-4.425897444824881,37194,20.431012423634527,0.032421648502349854,0.0334196537733078,,,
194337220,150.01547558768712,33.21740557910228,37220,20.631628731191157,0.03564611077308655,0.036856234073638916,,,
558437236,154.15536404879774,22.68973491131954,37236,20.484542498290537,0.03716781735420227,0.038485415279865265,,,
60037278,180.5734374046099,28.58685309535768,37278,20.59094628870487,0.03620509058237076,0.03745418041944504,,,
4429737291,230.46206782398957,-25.237044408278184,37291,19.506337294280527,0.024133585393428802,0.024682246148586273,,,
272737477,244.0990110361113,55.09756818332045,37477,20.677125738859175,0.03773123025894165,0.03908984363079071,,,
948338068,288.15062495487217,63.15101752140068,38068,19.730106094777582,0.029062703251838684,0.02986207604408264,,,
697038152,232.6991118172733,37.12870893163443,38152,20.386754894554613,0.038349032402038574,0.03975331783294678,,,
4916938242,291.32260773521733,38.11177057352886,38242,19.476876916289328,0.028589144349098206,0.029362402856349945,,,
2831138436,278.2766183753512,-79.18701775922709,38436,20.094288306701927,0.02868993440642953,0.029468603897839785,,,
1488638526,310.1787365023823,-78.28271515315498,38526,20.282528424561022,0.03657272085547447,0.03784773871302605,,,
1818438550,308.6564877556577,-74.47756826870173,38550,20.287612756639717,0.030362289398908615,0.03123583272099495,,,
1752338595,319.02382313841593,-72.45536154356138,38595,20.038827649243174,0.02827188465744257,0.029027785640209913,,,
2501138645,333.4620784547472,-63.70278634119087,38645,20.598342442810534,0.04890266805887222,0.05120962858200073,,,
298938698,343.9831353662063,-56.11752136381969,38698,20.181058287546037,0.029565272852778435,0.030392929911613464,,,
2240638745,322.9799295062524,0.1250757497926779,38745,20.409028964042662,0.03405041992664337,0.035152919590473175,,,
574838747,236.86387985090747,45.13120513183738,38747,20.74088259220123,0.04356931895017624,0.0453910231590271,,,
1302238887,332.7156287720804,0.959201585478197,38887,20.38613362789154,0.035280827432870865,0.036465972661972046,,,
3402538958,302.7862261936736,-5.302087971647801,38958,20.10391647780314,0.0320235185790807,0.03299682168290019,,,
340739030,286.70696029909345,-42.95721533226781,39030,19.82437229335308,0.03422597423195839,0.035340096801519394,,,
2418439108,297.4072969015865,-24.74596290683202,39108,19.92939376823604,0.026706578209996223,0.027380092069506645,,,
348539417,328.4745447184803,-18.46382198032636,39417,20.25876949161291,0.033157747238874435,0.03420233726501465,,,
2252239418,324.3587761007465,-6.166838682231221,39418,19.056466879248617,0.020409375429153442,0.020800381898880005,,,
1474639556,17.850043361975985,0.1597200119324494,39556,20.47177507162094,0.03364630043506622,0.03472238779067993,,,
2724139965,32.66311109818988,-5.843361393373263,39965,20.493147397339342,0.044627487659454346,0.046540722250938416,,,
2226640121,34.62491901829083,-4.921096339803852,40121,20.617665374577044,0.04900727421045303,0.05132436752319336,,,
1354840146,36.72245711757186,-5.29615779141708,40146,20.496754856705664,0.03362726420164108,0.0347021222114563,,,
338340198,35.33072089914036,-2.969874821015828,40198,20.075353459671604,0.02754965127678588,0.02826694370014593,,,
1194940202,37.2916463898819,-4.7677338219630885,40202,19.882995547652243,0.02514924854040146,0.025745630264282227,,,
964440235,30.96023729451945,-5.896229032461604,40235,20.53775294303894,0.0336436927318573,0.034719593822956085,,,
797540273,30.82280882304962,-5.368287710925703,40273,19.941579425632952,0.02565000206232071,0.026270663365721703,,,
1955240325,49.83851377243999,41.52158876497544,40325,19.568117732107638,0.02317570149898529,0.023681223392486572,,,
389040346,52.9713040568542,-27.430349781216812,40346,20.748715387582777,0.0370296835899353,0.03833740949630737,,,
945640373,53.65691551238724,-27.52059913922632,40373,20.727536665201185,0.03661800175905228,0.037896186113357544,,,
638940386,53.20722966934638,-27.445050544627783,40386,20.43309240221977,0.03198482096195221,0.03295574337244034,,,
816740415,53.513446348247534,-27.968493065430533,40415,20.566287884414194,0.03384687006473541,0.03493607044219971,,,
591540433,53.17573871420224,-27.95095785055357,40433,20.0018675121665,0.02639959566295147,0.027057528495788574,,,
947040441,53.65771843063224,-27.520496770391404,40441,20.625361302793024,0.035176947712898254,0.036354921758174896,,,
808340474,112.01658454920228,69.01570902288523,40474,20.734370114207266,0.04199422895908356,0.04368409514427185,,,
119640488,29.787408546809864,27.907043324977614,40488,20.211164118647574,0.03569720312952995,0.03691088408231735,,,
1426840505,53.69591117064451,-27.614067516068445,40505,20.77272145628929,0.043237581849098206,0.04503116011619568,,,
1328540521,29.184102405896656,-0.3496393623567337,40521,20.588426427841185,0.03488752990961075,0.03604590892791748,,,
1284940536,29.06285103496277,0.1020121300559073,40536,20.568571301102637,0.03479659557342529,0.03594882786273956,,,
1794140802,61.113254762834586,20.40817909874462,40802,19.70877232581377,0.02722017467021942,0.027920156717300415,,,
1336440874,64.31394052056564,18.13363164664059,40874,19.84697865873575,0.02638326957821846,0.02704039216041565,,,
3656640930,70.63504758971663,18.35194868065139,40930,19.796880489140747,0.025322921574115753,0.025927666574716568,,,
4557940959,77.74862439936436,5.975707333149542,40959,18.643025444746016,0.01565873622894287,0.015887916088104248,,,
339741109,145.55573384977754,57.561605909387126,41109,20.55414544969797,0.033694617450237274,0.03477383404970169,,,
1022641123,143.25496288642387,45.96248018662011,41123,20.50100541293621,0.033226050436496735,0.034275054931640625,,,
1663641156,88.248753754923,60.26375422126841,41156,20.25026552930474,0.03025664947926998,0.031124036759138107,,,
790041171,152.57863271106345,46.27348881656568,41171,20.83408153235912,0.03822401165962219,0.03961905837059021,,,
1387641218,162.6678446277078,51.799156313542255,41218,20.789781795740126,0.04648268222808838,0.04856206476688385,,,
848141373,61.152179203913946,-34.252947352567254,41373,20.599346818327902,0.0382985919713974,0.039699114859104156,,,
1852941521,139.17147032851236,13.443075452676124,41521,20.291942959576843,0.03876814618706703,0.04020383581519127,,,
1593941631,150.43051616170013,2.547455780629957,41631,20.51484892696142,0.03382932394742966,0.03491736948490143,,,
1315341678,139.80985648956585,30.18039650941272,41678,20.460128398537634,0.03268886357545853,0.03370366990566254,,,
1228641742,160.66455725413917,33.35255581868849,41742,20.6300141531229,0.037552714347839355,0.03889821469783783,,,
244641838,138.79788106167507,29.56305886071648,41838,20.23779575332999,0.02995864488184452,0.030808839946985245,,,
977441931,142.5602139327436,26.50609081305868,41931,20.484441989958285,0.0347306951880455,0.0358784943819046,,,
872041983,200.87304900839575,61.15410371043862,41983,20.5849829185009,0.03421798348426819,0.035331547260284424,,,
511042019,212.5034476217513,52.41462272584023,42019,20.402694070637224,0.0320894829928875,0.03306679427623749,,,
231442318,202.21195789242068,5.48025718574479,42318,20.603442216217516,0.03495696932077408,0.03612000495195389,,,
2211642321,169.0236212952787,-37.02821547746674,42321,19.970398681163786,0.02712721936404705,0.027822405099868774,,,
766342499,165.10384610439596,12.73346686422347,42499,20.451765680611132,0.03437228500843048,0.03549613058567047,,,
1254542526,138.88470877400007,70.45290100349642,42526,20.463439026772974,0.03534700721502304,0.036536604166030884,,,
1068442603,242.7182170710209,53.75419448173754,42603,20.68812525451183,0.03947891294956207,0.04096873104572296,,,
306842750,202.04475108561996,10.47477506974137,42750,20.321566859185694,0.031003523617982864,0.031914934515953064,,,
1161442777,250.20403556963987,23.101188978701284,42777,20.420153463184832,0.03238799050450325,0.033383890986442566,,,
152742996,219.7278393560307,33.00529371661522,42996,20.87573571681976,0.049956440925598145,0.05236633121967316,,,
463643170,211.67334604733384,17.826545631633778,43170,20.665505105555056,0.0376853346824646,0.03904055804014206,,,
363543230,208.19308103244413,31.54966187513861,43230,20.080094876222645,0.03039803827959986,0.031273753784262226,,,
1530943238,243.4079167706382,54.66532255971188,43238,20.665638284683226,0.04017014056444168,0.041713640093803406,,,
352643240,243.411257478364,54.66438988191649,43240,20.74233992576599,0.041857436299324036,0.04353612661361694,,,
860043241,242.38356928654505,53.67924338598915,43241,20.52138256460428,0.03800027072429657,0.03937862813472748,,,
3139343268,184.93560899870857,31.281406489855776,43268,20.535904081463812,0.05275260657072067,0.055447183549404144,,,
275943297,243.82015393450632,55.37447006776144,43297,20.5581823977828,0.042394548654556274,0.044117383658885956,,,
1709143459,280.27511531165777,44.787038745176936,43459,19.85712210267782,0.02671780064702034,0.027391891926527023,,,
2526043796,359.85407751249875,-74.91224840928855,43796,20.767515288591383,0.04800483584403992,0.05022585391998291,,,
1063943828,338.37945258273453,-60.93087601371381,43828,20.487081954181193,0.037790462374687195,0.03915339708328247,,,
964543857,338.3414846454664,-60.93072483083548,43857,20.780600519776343,0.041927024722099304,0.043611302971839905,,,
429743866,246.0951304231078,19.989080950217907,43866,20.351815098822115,0.03150200471282005,0.03244342282414436,,,
2839543930,249.3120923722523,1.936726691849538,43930,20.119702909998594,0.030743932002224028,0.031639919616281986,,,
2946544178,11.016177214937644,42.67707703333515,44178,19.836264127790926,0.0266142375767231,0.02728305757045746,,,
3412844190,11.38932616698084,40.4558153311846,44190,19.975545616745947,0.029241424053907394,0.030050817877054214,,,
4039644239,297.972815435612,2.890110552425381,44239,19.794080449193714,0.02568816766142845,0.02631068229675293,,,
786144465,359.25652577245864,-55.89795171429117,44465,20.477680103778837,0.03485158085823059,0.03600753843784332,,,
1115044662,12.28315671742524,-40.387622972427394,44662,20.839276673197745,0.0438198447227478,0.04566311836242676,,,
3062344684,308.13020187854573,7.971149183736519,44684,20.12867416806519,0.029479038203135133,0.030301827937364578,,,
1006344690,7.666081791404868,-38.16640606332037,44690,20.648564757704733,0.03597460687160492,0.037207528948783875,,,
2817644720,311.811208113834,11.078036237932194,44720,20.135703809484838,0.029826874379068613,0.03066946752369404,,,
1645144737,320.358128487997,-5.546790263196648,44737,19.139496596455572,0.020636916160583496,0.02103671431541443,,,
2480944790,286.58786275899826,65.49380604060659,44790,20.152452751919625,0.030476413667201996,0.031356653198599815,,,
1965344823,324.3164887182148,16.229813824368847,44823,20.206170655712484,0.030791638419032097,0.031690439209342,,,
3653744857,329.1883830018934,31.87860026015468,44857,19.89782857328653,0.02725161612033844,0.027953283861279488,,,
1593844899,102.1289768183856,71.36117624114141,44899,18.98304200351238,0.017175748944282532,0.01745179295539856,,,
775544947,338.42657740758585,18.723296117300844,44947,20.413334058523176,0.03320310264825821,0.034250617027282715,,,
1939144978,349.57651266925154,31.53129416716015,44978,20.226575020626186,0.030062738806009293,0.030918894335627556,,,
750644991,344.36184544516766,22.53142163793268,44991,20.34850216090679,0.03159867599606514,0.032545942813158035,,,
1515944999,334.72636515455605,-3.0705001913755425,44999,20.252746405005453,0.030008535832166672,0.030861571431159973,,,
606045217,342.4950196207209,-53.61675954170429,45217,20.333938809037207,0.047723669558763504,0.04991818219423294,,,
1485045391,29.951116852487235,8.793506595011147,45391,20.35013463899493,0.032259151339530945,0.03324704244732857,,,
1768445558,15.772507260770077,11.742760327955615,45558,20.389986546635626,0.03220433369278908,0.033188872039318085,,,
1000545629,160.71751342733032,76.02106816292053,45629,20.55101818025112,0.034023746848106384,0.035124532878398895,,,
1247845643,21.581351405743792,-31.11930785874176,45643,20.107875665109603,0.0290007332660025,0.02979666693136096,,,
752745668,135.88059552609909,71.1423332379488,45668,20.400606864988802,0.031690094619989395,0.03264285624027252,,,
1401745702,25.24524392747079,34.07814196596216,45702,20.195321232005952,0.029445011168718338,0.03026586025953293,,,
1513045730,27.57112756165144,31.04740774951549,45730,19.319572063088415,0.01989804208278656,0.02026960253715515,,,
1995745856,354.5739039670692,-41.51885092236633,45856,20.34791915297508,0.036069322377443314,0.03730887547135353,,,
637246287,35.457368617546074,74.26486737019432,46287,20.168931936770676,0.029045925475656986,0.0298443716019392,,,
4738446657,135.40309760929193,-33.59407461418798,46657,19.30836974263191,0.025110840797424316,0.025705397129058838,,,
