index,ra,dec,NUV_mag_min,NUV_mag_max,n_eclipses
0,1.0126103913242064,-4.692878212254813,17.600050809767875,17.600050809767875,1
0,2.248695274400397,23.643044584846947,14.507211387142856,14.507211387142856,1
0,2.4272613433403567,-0.5632770422371282,18.326161608795342,18.326161608795342,1
0,2.706065478508592,-0.6486693624248508,19.99881799022432,19.99881799022432,1
0,4.049112284715061,-39.45636241662308,16.10159045616388,17.136363092431377,5
0,4.088267615374891,16.646110673214054,14.55319435225494,14.55319435225494,1
0,4.597080374881834,16.862296587998923,19.800999608250123,19.800999608250123,1
0,4.709297492891877,16.250857498413172,20.237116144723117,20.237116144723117,1
0,4.892305847797465,-1.1764496661584325,20.1167573933024,20.1167573933024,2
0,4.894057602575743,-23.16530477044383,20.55234180855964,20.55234180855964,1
0,4.954514819649678,-36.77214064732625,20.05033999632977,20.05033999632977,1
0,5.075090717221343,-0.590770201499476,18.78486624976616,18.78486624976616,1
0,6.2688101872801605,-36.77205547808172,17.648445347600504,17.648445347600504,2
0,6.30503730445403,4.199011211896302,20.11518085452933,20.11518085452933,1
0,6.717086447540555,42.833889113963295,18.75499477724329,18.75499477724329,2
0,7.212796607726268,41.14058214691707,19.96353695906352,19.96353695906352,1
0,7.327248482811633,-44.64901156180029,20.374470588081497,20.374470588081497,1
0,7.666081791404868,-38.16640606332037,20.15982881324593,20.15982881324593,1
0,7.706723351563045,-42.04804331232713,18.573132217962044,18.573132217962044,1
0,8.402590088318744,-43.82100870908823,14.80201071026869,15.463786652231612,11
0,8.544446455729457,-44.08407501602764,20.466326631328684,20.466326631328684,1
0,8.676679518704146,-8.255248004725775,20.486714180496502,20.486714180496502,1
0,9.029312115355324,-34.21534441034806,20.32333698844933,20.32333698844933,1
0,9.06514471617698,1.3888732566749018,16.51432934397397,16.51432934397397,1
0,9.149621773486512,42.30479832954273,18.91030546554106,18.91030546554106,1
0,9.268527410048517,42.41029400622329,18.756608815625313,18.954636657159167,3
0,9.510051368845224,3.684011380687599,18.59230008450701,18.59230008450701,1
0,9.618973953303795,-41.822248421987,18.718050292339246,18.718050292339246,1
0,9.789764050438013,0.6697851936332181,15.811684363247199,15.811684363247199,1
0,10.288136197738927,41.927095223685946,19.495556736139548,19.495556736139548,1
0,10.346021894898668,-42.07784477182207,19.81253054941368,19.81253054941368,1
0,10.359100801550785,42.54911842212532,19.75933949101673,19.75933949101673,1
0,10.621031673917676,-44.41599087668683,17.082210527772265,18.287130971656083,3
0,10.701904261563582,35.54855329402246,17.2307611404771,17.2307611404771,1
0,10.871385301676154,42.38760977821919,19.65007338885653,19.65007338885653,1
0,10.94941253849418,-44.85903957391859,16.744935471898792,17.447396988673603,25
0,11.016177214937644,42.67707703333515,19.054303818664877,19.054303818664877,1
0,11.06296081708099,-45.0044110837897,19.68528187977484,20.36242319860807,3
0,11.063344711555946,-45.00441112003965,19.68528187977484,20.68260054147897,4
0,11.06376674948475,-45.00444079835643,20.36242319860807,20.68260054147897,2
0,11.073127079949543,40.44600076053887,19.21687344025809,19.21687344025809,1
0,11.085862366032938,39.89759509077986,19.62836736268093,19.62836736268093,1
0,11.16376477695922,39.90906209293255,19.669225597558377,19.669225597558377,1
0,11.237135844643458,-43.39705893588376,20.262348812076333,20.262348812076333,1
0,11.38932616698084,40.4558153311846,19.51290614103099,19.51290614103099,1
0,11.441989734653712,41.8412581044871,17.816466016811958,18.054389461317935,3
0,11.451305943424117,-43.91965729020867,15.823085968964737,16.536941650853468,4
0,11.557390032406154,-44.201741953641495,16.475476308073574,18.54087082601546,2
0,11.673602725298537,-42.36223343895048,17.622365867846746,17.622365867846746,1
0,11.771654004996993,41.05553099974383,19.152960242470648,19.152960242470648,1
0,11.892994381251114,40.780813055518685,19.196972919214,19.196972919214,1
0,11.96276846844676,-41.36919757267566,19.88524663409819,19.88524663409819,1
0,12.029881341656305,40.477752703238586,14.565590542976144,14.565590542976144,1
0,12.224468527969789,42.18413280742031,18.693525219788864,18.693525219788864,1
0,12.28315671742524,-40.387622972427394,18.96178898799345,18.96178898799345,1
0,12.450739867169728,42.33730782768579,19.779877620036373,19.779877620036373,1
0,12.810630811162149,41.69515808470452,14.495602054142438,14.495602054142438,1
0,13.245979561569154,12.162789782712256,19.950537599198064,19.950537599198064,1
0,13.543268536808906,5.157644622365935,20.038209632347748,20.038209632347748,1
0,13.778578305952594,-0.950908435565179,19.947802437417412,19.947802437417412,1
0,14.075418664213657,12.49389609133521,19.425481511884264,19.5700583631555,2
0,14.658759364343156,0.2944675736688076,18.358001382281696,18.358001382281696,1
0,14.751451025583698,40.97477889577264,20.074139515150893,20.074139515150893,1
0,15.772507260770077,11.742760327955615,19.907286929968233,19.907286929968233,1
0,17.344101551689743,-1.0545934655184876,19.639330600379655,19.639330600379655,1
0,17.67612414686946,13.635391095759502,14.700896776240574,14.700896776240574,1
0,17.710846391559965,-46.004304931821565,19.087951324505156,19.494372417816166,2
0,17.850043361975985,0.1597200119324494,19.131894942745777,19.131894942745777,1
0,17.908860784933005,-46.12476604918085,17.896718241166774,17.896718241166774,1
0,18.546281323673792,1.5014047509134627,16.91801478294898,16.91801478294898,1
0,19.522935371720976,-75.1909756697136,18.50139112589775,18.50139112589775,1
0,19.60260643169402,34.75109810928595,19.478916817015776,19.478916817015776,1
0,19.666436097299616,11.85642939343505,19.79160742551145,19.79160742551145,1
0,20.40725883076552,12.512913098767037,17.517723318535527,17.517723318535527,1
0,20.853173602019904,-25.774000220157525,17.08531250743974,17.08531250743974,1
0,21.128229224367598,-33.91765435740721,20.17465941896358,20.17465941896358,1
0,21.48489003701724,-35.721451099824485,19.93422732255114,19.93422732255114,1
0,21.581351405743792,-31.11930785874176,17.417663629875353,17.417663629875353,1
0,21.899202145558,-75.76376020896733,19.815691800734175,19.815691800734175,1
0,21.942798846094657,-1.007050451030233,19.838744019144677,19.838744019144677,1
0,21.957135284677708,-28.89451901800665,18.379037949328797,18.379037949328797,1
0,22.30269967337406,-22.228472717404284,20.290481782718942,20.290481782718942,1
0,23.53345330085924,-13.832740994277453,15.547174279481073,15.547174279481073,1
0,24.231304960940733,7.274561794796727,16.056424121049947,16.056424121049947,1
0,24.293193973203543,-17.55103664431994,14.586481424728373,14.586481424728373,1
0,24.762401687427307,-17.95003487860243,14.839448714900897,18.007954120165458,6
0,24.97864364011136,7.5303864052893985,20.11705063842724,20.11705063842724,1
0,25.112111630616692,-10.64031999424029,20.438446890475728,20.438446890475728,1
0,25.24524392747079,34.07814196596216,19.7971255919209,19.7971255919209,1
0,25.490657671090645,-26.215549306647016,17.815394064259774,17.815394064259774,1
0,25.833564955051365,4.319712164431756,18.634566798691594,18.634566798691594,1
0,27.57112756165144,31.04740774951549,18.866344163399926,18.866344163399926,1
0,28.146914028251157,13.665831326514851,19.769878219216732,19.769878219216732,1
0,28.79662707934593,70.14079732223912,18.311749253170476,18.311749253170476,1
0,29.06285103496277,0.1020121300559073,18.912671167985653,19.18667184810955,3
0,29.197133798698896,-0.3542614249233127,18.665977171541535,19.043935090829187,3
0,29.39599598991568,13.890211662328852,20.19778643238704,20.19778643238704,1
0,29.682111621718597,35.25722185928677,19.780316024282428,19.780316024282428,1
0,29.787408546809864,27.907043324977614,19.705421782217464,19.705421782217464,1
0,29.951116852487235,8.793506595011147,20.13233257223035,20.13233257223035,1
0,30.405681586574484,-8.116733829992407,20.174901997400692,20.174901997400692,1
0,30.82280882304962,-5.368287710925703,20.42227982359104,20.42227982359104,1
0,30.96023729451945,-5.896229032461604,20.11357040958204,20.11357040958204,1
0,31.334109564602645,-5.811704999189704,19.587149628716563,19.587149628716563,1
0,31.753816294183444,-5.245331200520534,19.672345292385913,19.672345292385913,1
0,32.317569414647764,10.871759659976114,19.925007153374402,19.925007153374402,1
0,32.66311109818988,-5.843361393373263,20.245979667761958,20.245979667761958,1
0,32.75219833035098,-3.669034049072136,18.779090929730717,18.779090929730717,1
0,33.13003437241059,-29.532467697269205,19.963571544297924,19.963571544297924,1
0,33.22984471731569,0.908723929046959,20.089415125363516,20.089415125363516,1
0,33.55357056335334,-3.962739474045588,20.282934116731017,20.283723415918676,2
0,34.2147004440917,-5.376349961008984,20.275748151641082,20.275748151641082,1
0,34.62491901829083,-4.921096339803852,17.32858390650701,17.32858390650701,1
0,34.67115893706856,-5.883246007809822,19.46215290130536,19.46215290130536,1
0,34.79471831652825,-5.307872364385009,20.29826737991798,20.29826737991798,1
0,34.83442079155232,-5.148819077738193,20.31936436041437,20.31936436041437,1
0,34.84460730367122,-4.682831419571321,19.999092728550146,19.999092728550146,1
0,35.09314564225298,-8.140951831703251,20.14052031280828,20.14052031280828,2
0,35.18730679871327,-5.050188478067659,20.218186776535635,20.218186776535635,1
0,35.33072089914036,-2.969874821015828,20.47816811555057,20.47816811555057,1
0,35.35919635490366,-3.233293336691885,19.904748042682936,19.904748042682936,1
0,35.43201839913608,-5.275935361409017,19.95591079120091,19.95591079120091,1
0,35.457368617546074,74.26486737019432,19.834569907601622,19.834569907601622,1
0,35.48035514222329,-5.051497400719193,20.020337139074726,20.020337139074726,1
0,35.49368132075316,-5.188089390070956,20.22509824560408,20.22509824560408,1
0,35.78717788653571,-30.72896288218508,20.414811958110935,20.414811958110935,1
0,35.906673432891644,-4.668640489149799,20.24301028627881,20.24301028627881,1
0,36.04892133818824,-5.417619168132821,18.96111634745918,18.96111634745918,1
0,36.13565384285686,-4.510637609429458,19.988479057831903,19.988479057831903,1
0,36.15769405769368,0.6664748146119618,20.13474962730715,20.13474962730715,1
0,36.198120287407775,-5.741265923858744,19.834986711429092,20.253756561108332,2
0,36.27630398507478,-4.479838817004319,20.29364347480886,20.29364347480886,1
0,36.3685335429155,-4.261475340873747,20.394404660711256,20.394404660711256,1
0,36.39166866797031,-5.027633881367176,20.0987021619504,20.0987021619504,2
0,36.45356145569078,-3.998558536228329,20.43088583331079,20.43088583331079,1
0,36.463584456289695,-4.8920399011897615,18.799106268968913,18.8707672318784,4
0,36.52916294830399,-0.4469924994109694,14.628795000192854,14.636273537615809,2
0,36.62749030978944,-4.100413222331639,20.40637919880551,20.40637919880551,1
0,36.64736629691672,-5.0888545465775294,19.612483092492976,20.526136167035823,3
0,36.72245711757186,-5.29615779141708,19.620709324336723,19.94547448213818,3
0,37.25195368786262,-41.12620306430502,18.872787888721994,18.872787888721994,1
0,37.2916463898819,-4.7677338219630885,20.197245972668007,20.197245972668007,2
0,37.307062460354885,-10.162283482491295,18.74238969771603,18.74238969771603,1
0,37.42383347361635,-5.787810602162859,17.43020678480554,17.43020678480554,1
0,38.65599003879116,25.575199559940454,20.07728921286616,20.07728921286616,1
0,39.981682481347,-7.482213244692814,20.34179513014801,20.34179513014801,1
0,40.201266789565125,-7.105017584478788,16.34963040030832,16.34963040030832,1
0,41.6321716885473,-7.353883103746093,16.271677457059823,16.271677457059823,1
0,42.66970182167096,-1.201712261717609,19.298446699702517,19.298446699702517,1
0,42.96518332628819,4.394884274823519,18.439357540904595,18.439357540904595,1
0,43.22924739269435,-37.13983840096211,20.642520717824905,20.642520717824905,1
0,44.01687220258365,-0.6093776741726988,19.752797453460204,19.752797453460204,1
0,45.085142588139526,-11.294851285711108,14.529457546761678,14.529457546761678,1
0,47.92050801034109,-58.066016016230456,17.504178011182205,17.504178011182205,1
0,48.02852079453815,-57.64568066866304,19.17870511140308,19.17870511140308,1
0,48.21688304785974,-7.739300679385079,18.05239251629243,18.05239251629243,1
0,48.425271175044365,-6.861589582121357,19.825355713590668,19.825355713590668,1
0,48.78213333252507,-10.62070395245068,18.03917836564602,18.03917836564602,1
0,49.548803777558014,-38.18408974000284,19.91590791146884,19.91590791146884,1
0,49.83851377243999,41.52158876497544,18.06577978084873,18.06577978084873,1
0,50.02201883065238,-7.04383064685579,19.55857675754765,19.55857675754765,1
0,50.772053493712384,0.6842390122437005,19.06492596396555,19.06492596396555,1
0,52.35112718394663,-27.548141314232605,20.51614870305119,20.51614870305119,1
0,52.9713040568542,-27.430349781216812,20.280588756112056,20.280588756112056,1
0,53.009064605636965,-27.04797927487121,18.709019526138746,18.872717762504376,3
0,53.00907130999189,-27.048008777242963,18.46710595542895,18.872717762504376,12
0,53.07366536511783,-27.3187281742699,20.35636947059863,20.35636947059863,1
0,53.1685545208896,-26.356797595234998,18.966279063145546,18.966279063145546,1
0,53.17573871420224,-27.95095785055357,20.353252618631057,20.353252618631057,1
0,53.20722966934638,-27.445050544627783,19.966572991542407,19.966572991542407,1
0,53.400734230912136,-28.82202233959383,19.32070907930781,19.32070907930781,1
0,53.449925608659456,-27.4996700457322,19.219694017824352,19.219694017824352,1
0,53.513446348247534,-27.968493065430533,20.57812471633654,20.57812471633654,1
0,53.61611085312483,-27.20649236661851,18.501520223741178,18.501520223741178,1
0,53.65691551238724,-27.52059913922632,20.46507211959325,20.46507211959325,1
0,53.65771843063224,-27.520496770391404,19.887918725872765,19.887918725872765,1
0,53.69591117064451,-27.614067516068445,19.27985201008929,19.27985201008929,1
0,53.942277681105665,-29.036468437152415,16.248821096385726,16.69112152187911,4
0,54.314232137698575,-28.54435392968718,15.375232072119237,16.315122818362006,51
0,54.38665480241892,-0.7002940529404015,19.70345341864707,19.70345341864707,1
0,54.57718543823736,-27.37598418760236,19.07302010131937,20.397641789723824,5
0,54.5772729722851,-27.376143210474957,19.07302010131937,20.49029731429759,6
0,54.57736050633284,-27.376302233347552,19.07302010131937,20.49029731429759,5
0,55.89880877262648,26.3581782059213,18.90745366005152,19.044221358567807,2
0,55.947349839714654,26.634233221879608,19.08171952286026,19.08171952286026,1
0,56.04924189863245,-22.53928509306578,20.544966541547378,20.544966541547378,1
0,56.43239697687108,26.083420579411783,19.008060363615076,19.008060363615076,1
0,56.58532721807208,26.21470640957518,17.932336998824322,17.932336998824322,1
0,57.2453572937065,1.1812679029068902,16.500660542005264,16.500660542005264,1
0,58.967924133854616,-0.2406926103288941,19.631335863847376,19.631335863847376,1
0,59.804351260317695,-45.41431612314266,20.1738015900795,20.1738015900795,1
0,61.113254762834586,20.40817909874462,18.96903676538851,18.96903676538851,1
0,61.152179203913946,-34.252947352567254,20.095737053016148,20.095737053016148,1
0,64.18864208907644,26.368249020983157,17.581113007757384,17.581113007757384,1
0,64.20601634494317,-50.17500948205548,19.60183474014879,19.60183474014879,1
0,64.31394052056564,18.13363164664059,19.310539316884256,19.310539316884256,1
0,66.51844910879728,17.120407247324607,17.351043162563684,19.476721501076312,2
0,66.89065035721228,16.872420388972802,19.133979870857342,19.133979870857342,1
0,67.48307862061316,16.9137972054446,19.24837386341711,19.24837386341711,1
0,72.29458138358599,-57.28500151264713,20.24114278737095,20.24114278737095,1
0,72.88824575762233,-31.86106133796989,20.438411773918844,20.438411773918844,1
0,73.62138564627183,-3.1296244206967683,18.93296590858617,18.93296590858617,1
0,73.91859814499892,-19.299443261693646,18.121878769847157,18.121878769847157,1
0,76.68171787667566,-38.32095065532417,18.26643643133801,18.26643643133801,1
0,77.74862439936436,5.975707333149542,18.692448226139028,18.692448226139028,1
0,79.24927793034853,-48.87035480606809,15.712331048233363,16.468510938076115,9
0,79.29188510779655,-49.24047860767035,19.609819082063282,19.609819082063282,1
0,79.3869405409321,-50.28678775380474,18.56853148326782,18.56853148326782,1
0,79.67458167438771,-49.120796877402086,19.605433141176505,19.605433141176505,2
0,79.78261332387777,-48.26138883286681,20.497608402281955,20.497608402281955,1
0,80.00521521606854,-49.08385213966657,20.044202903217194,20.044202903217194,1
0,81.25788840869204,-48.6499991192168,19.858141716141002,19.858141716141002,1
0,81.53908614021722,-24.338444538540667,19.8924103049467,19.8924103049467,1
0,88.248753754923,60.26375422126841,19.91802871288938,19.91802871288938,1
0,92.49225437379684,64.76257705987484,20.054347309835645,20.054347309835645,1
0,101.73379527008818,-36.25664217258954,18.603556038541413,18.603556038541413,1
0,102.1289768183856,71.36117624114141,20.19991202831986,20.19991202831986,1
0,102.59698995240154,-35.80776577526395,19.154807441855382,19.154807441855382,1
0,102.68397024154866,-36.210624748868376,18.66671298994141,18.66671298994141,1
0,107.50644605051684,38.52684092923436,17.997089534902468,17.997089534902468,2
0,111.5552754804779,38.05220319278201,19.74336839139516,19.74336839139516,1
0,111.99914752587996,4.531425455950914,14.52842917098878,14.52842917098878,1
0,112.01658454920228,69.01570902288523,20.357480152378336,20.357480152378336,1
0,115.55798573688698,40.0302432645227,19.664961820354925,19.664961820354925,1
0,115.92026439884424,35.36596496636945,14.513022531435624,14.513022531435624,1
0,116.05216891083676,72.66754335009772,17.20315431795733,17.20315431795733,1
0,116.16116637988982,29.205939673886878,15.585644309516397,15.585644309516397,1
0,116.44441911269966,46.88073624661758,20.049797289763323,20.049797289763323,1
0,116.80857726473194,50.34379859479463,19.316152137925044,19.316152137925044,1
0,119.01475774725046,31.387181482381337,20.119075163112623,20.119075163112623,1
0,119.85762359084532,46.64013564123167,18.849182912337184,18.849182912337184,1
0,119.9722233889376,8.140546535225656,19.691527781593877,19.691527781593877,1
0,121.89665927343415,26.26942129983201,19.59726811308034,19.59726811308034,1
0,122.15875857284182,45.21653594731468,20.01674512450218,20.01674512450218,1
0,122.24129127779403,45.91594230262675,20.126438012636275,20.126438012636275,1
0,122.28538313244206,38.23461930448455,16.28980897308982,16.28980897308982,1
0,122.56643237211122,6.47856114254441,20.17834229580279,20.17834229580279,2
0,122.96519442716352,-6.882183012367884,20.01224504915537,20.01224504915537,1
0,123.04570318685072,3.723139477730206,20.322648988378116,20.322648988378116,1
0,123.11033056661192,3.5552578642600063,19.664923564375325,19.664923564375325,1
0,123.52277110303946,49.41389716470694,14.594444322946611,14.594444322946611,1
0,123.69658851359998,3.4506449305869418,20.24136241200955,20.24136241200955,1
0,123.71979972299955,3.5755281568832507,19.29048994490318,19.29048994490318,1
0,123.786209296726,3.256532618048707,19.93565056490239,19.93565056490239,1
0,123.8332168998881,3.876053162592189,20.269691221623752,20.269691221623752,1
0,123.87210725456404,51.50024247137642,17.97048557008927,17.97048557008927,1
0,123.95453804727444,46.02152826210489,17.60995769695183,17.60995769695183,2
0,124.20960526245844,71.16635520147753,20.102762695376647,20.102762695376647,1
0,124.36472362957278,51.86241083518125,14.76923139287237,14.76923139287237,1
0,124.61269572560984,19.85253318778526,19.572689368427426,19.572689368427426,1
0,124.78061229177396,24.789098064676548,20.23180891696228,20.23180891696228,1
0,125.01726187952252,18.884352519119044,17.9880985812623,17.9880985812623,1
0,125.31362012319335,70.22470803527776,14.50659498136427,14.602372402138721,2
0,126.06206201846771,47.36555366520487,14.516111232671069,14.516111232671069,1
0,126.35885955225756,10.5868706932829,18.827216148484368,18.827216148484368,1
0,126.4120555742337,33.67847289464288,19.652210779612616,19.652210779612616,1
0,127.17316138314696,66.03981655959936,18.882057589063287,18.882057589063287,2
0,127.36467280670256,-5.769713939749136,17.016129958576713,17.016129958576713,1
0,127.670455877868,4.36189414486184,19.09651338977059,19.145992719735247,3
0,127.90607134690308,19.39620530888584,16.598673542247926,17.780996849892325,3
0,127.90653534456531,19.39367691021806,16.50848528331385,17.685009911211402,3
0,128.19257178941766,4.897618333382796,18.889716108661798,18.889716108661798,1
0,128.956749958586,18.247495573158325,20.341777756813308,20.341777756813308,1
0,129.13670387479465,16.590928231581806,19.381368771778277,19.381368771778277,1
0,129.59031101506284,4.525473847569957,19.89948919226571,19.89948919226571,1
0,129.7418214517674,50.2808320271498,18.655129341052,18.655129341052,1
0,129.87927575368587,58.15054644865831,14.863591858376893,14.863591858376893,1
0,130.12288197553923,18.40144304871362,20.00684588015241,20.00684588015241,2
0,130.13464434159,45.0853740439248,19.18255716277298,19.18255716277298,1
0,130.1488081394081,45.2033146436445,20.342261110630247,20.342261110630247,1
0,130.32471668805303,17.055299886308763,19.926970163544393,19.926970163544393,1
0,130.42885038448466,23.31226947827466,19.25491396501601,19.25491396501601,2
0,130.75610768024072,40.9974651804142,14.993122718321633,14.993122718321633,1
0,131.10866592105,51.641298418153504,15.092780484323496,15.092780484323496,1
0,131.26122136403458,45.71312622159173,19.975200108820324,19.975200108820324,1
0,131.49628366276838,53.03542426455189,15.106020505979751,15.106020505979751,1
0,132.75901980785926,31.359562017214543,18.455561832591837,18.455561832591837,1
0,133.00935581471927,-5.775061613769047,19.91111628938564,19.91111628938564,1
0,133.14345675099133,43.36731580392423,20.101734526143062,20.101734526143062,1
0,133.5498181364927,26.41369001527408,17.002893228791297,17.002893228791297,1
0,133.83262516709783,12.386922005081043,18.149809787391682,18.149809787391682,1
0,133.92160046317755,-2.077315582566017,18.84466311362554,18.84466311362554,1
0,134.08183960923714,12.662985931369697,19.876391418278367,20.11757454253388,2
0,135.0967766877129,43.80345314756907,17.614665842280527,17.614665842280527,1
0,135.0973260732309,21.83277281108422,19.969223395553087,19.969223395553087,1
0,135.40309760929193,-33.59407461418798,19.329605511312387,19.329605511312387,1
0,135.61740354077614,58.803430462866174,19.789004704319417,19.789004704319417,2
0,135.6871181626572,7.297881543961162,14.570499213141876,14.570499213141876,1
0,135.86537617917108,-0.3922426925184567,19.60537618375251,19.60537618375251,2
0,135.88059552609909,71.1423332379488,19.65557435152872,19.65557435152872,1
0,136.0838993342748,21.905738073128227,19.667653560235326,19.667653560235326,1
0,136.34166843531509,-3.780375595531546,14.782559284826412,14.782559284826412,1
0,136.50122339774686,24.51266400614963,19.887852453664028,19.887852453664028,1
0,136.89174998455135,-3.671083470589087,18.35747363894284,18.35747363894284,1
0,137.00520591067396,64.94998474434034,18.901556305768114,18.901556305768114,1
0,137.0352522674325,-0.7696054403524965,17.96497192518634,17.96497192518634,2
0,137.05077010836217,6.071896895359407,18.218829285185056,18.218829285185056,1
0,137.417631312031,54.92249403804708,18.530715252775604,18.530715252775604,1
0,137.51290694628318,20.593612488377136,20.155696378176568,20.155696378176568,1
0,137.74191089745747,54.48358842897718,20.087228253033228,20.087228253033228,1
0,137.85679253999805,23.120207530314477,15.275028920745266,15.275028920745266,1
0,138.06367437562372,-10.20139755278834,19.716621740085568,19.716621740085568,1
0,138.07681634917898,8.588960422036322,20.128898601551747,20.128898601551747,1
0,138.23002654893278,20.007730799052663,19.53918807922268,19.53918807922268,1
0,138.79788106167507,29.56305886071648,20.066947616275115,20.066947616275115,1
0,138.88470877400007,70.45290100349642,19.19431089257841,19.19431089257841,1
0,138.9016645914919,-10.597060565549876,19.05536705112596,19.502547297036056,9
0,139.17147032851236,13.443075452676124,18.39775187243899,18.39775187243899,1
0,139.80985648956585,30.18039650941272,18.908956447757035,18.908956447757035,1
0,140.27304948957004,-0.2220081298507585,14.64009320400023,14.64009320400023,1
0,140.71473339722706,-23.069109041594665,17.585273094873973,17.999426160923555,2
0,140.9856558450962,70.04915222106207,19.655964092325828,19.655964092325828,1
0,141.11347964341837,-1.0321498709517014,20.053090493413457,20.053090493413457,1
0,141.32601575586853,70.3856983204677,20.025472324656704,20.025472324656704,1
0,141.4761082586785,14.097819472290611,19.634987909275058,19.634987909275058,1
0,142.14124598165353,36.1604211610527,17.494062791644836,17.494062791644836,1
0,142.21316996578443,15.857530208718543,16.75322686861199,16.75322686861199,1
0,142.40080328969051,70.80899910798644,19.421504347702122,20.105114998020305,2
0,142.5602139327436,26.50609081305868,19.295604716044288,19.295604716044288,2
0,142.60955203916998,7.205450825255911,15.768539101711873,15.768539101711873,1
0,143.25496288642387,45.96248018662011,20.277619497377305,20.277619497377305,1
0,143.4714433638861,77.72108722944407,16.97959356775425,16.97959356775425,1
0,144.02057894550782,44.67769765720286,16.34889705278501,16.34889705278501,1
0,144.90757187342228,3.39109943257916,20.32306445434524,20.32306445434524,1
0,145.55573384977754,57.561605909387126,18.061061148249706,18.061061148249706,1
0,145.67742246274395,46.40931230196149,17.049524511341605,17.049524511341605,1
0,145.89090876540172,-4.081080196930091,20.037420510440455,20.037420510440455,1
0,145.9734800788214,56.65570621904198,20.710832747100184,20.710832747100184,1
0,146.00817997991476,19.68008349463306,19.372681639142538,19.372681639142538,1
0,146.56297117714604,-0.415360381957358,17.60304697269115,17.60304697269115,1
0,146.7468899001376,61.529046476535214,20.371581568896847,20.371581568896847,1
0,147.0600774307257,67.34190276501795,19.960019509727687,19.960019509727687,1
0,147.73646813655884,69.13091468577517,20.465526731365713,20.465526731365713,1
0,148.7352119534283,7.886984019126401,19.75935307221937,19.75935307221937,1
0,149.04863273283016,2.080381130711089,20.029553578914157,20.029553578914157,1
0,149.0996165647935,6.800114694642111,19.255953529029068,19.255953529029068,1
0,149.13796641356336,1.052369304686707,20.14759506866438,20.14759506866438,1
0,149.2426846572325,-10.523481866630252,19.429101274137235,19.429101274137235,1
0,149.26018704428174,1.972751436699285,19.96828874218455,19.96828874218455,1
0,149.46863654276189,2.33895454089582,19.971522714271092,19.971522714271092,1
0,149.49560741034853,2.083823553400393,20.26039958081634,20.26039958081634,1
0,149.50483994617113,2.213616476342452,19.305168721568187,20.306489650646338,2
0,149.74442482221772,2.249439824857672,19.751486549303554,19.751486549303554,1
0,149.81763359496264,1.8463239197841144,20.316752578814295,20.316752578814295,1
0,149.82873361220396,43.839545710661,18.451074467992257,18.451074467992257,2
0,149.96813903965213,2.7801144379194063,19.74667993469515,20.250418103220575,3
0,150.01547558768712,33.21740557910228,19.775535593066106,19.775535593066106,1
0,150.08004116027485,1.449404594947394,19.320810767410805,19.77303075007352,4
0,150.13969215340927,1.8766499234276248,20.273346934566977,20.273346934566977,1
0,150.14027629359322,2.094870933373985,20.384526864435777,20.384526864435777,1
0,150.16586044976458,67.85304176937383,19.75410770799473,19.75410770799473,1
0,150.3891391190865,1.7241273541769004,17.13841148783862,18.38554794206276,8
0,150.423927990481,2.132601667932064,19.966964562230107,20.022556419512117,4
0,150.43051616170013,2.547455780629957,20.310446276555904,20.310446276555904,1
0,150.46803125510547,2.1991252430192003,19.337342714427816,19.510828626011662,4
0,150.50079038381344,66.85710938052667,19.04733519815443,19.04733519815443,1
0,150.52852966241733,1.986828548462686,20.264171295907115,20.264171295907115,1
0,150.53320582528383,2.376295174232022,19.387440975618293,19.894955903346137,2
0,150.54034778432782,2.123587023613673,19.205518060940147,19.205518060940147,1
0,150.54934033543515,-19.427431182752024,17.906480360477794,17.96960275136665,2
0,150.62964124255583,1.9219917335008667,18.99619165299168,18.99619165299168,1
0,150.63243185549752,1.634715870722112,20.185517596231843,20.185517596231843,1
0,150.7699541456704,0.9453628020185868,20.336313301042434,20.336313301042434,1
0,151.0566088467868,1.894337369542336,19.708648455651193,19.708648455651193,1
0,151.06006934604818,1.6830708615213297,20.216610150242104,20.216610150242104,2
0,151.5886275318064,29.68462645107368,16.014673391983983,16.014673391983983,1
0,151.62353863021664,-33.65792366697337,19.832884089311403,19.832884089311403,1
0,151.9356696984525,57.00748754308471,17.40765641278445,17.40765641278445,1
0,152.4313690958452,28.546797679992093,19.8665777148038,19.8665777148038,1
0,152.57863271106345,46.27348881656568,20.375288302166986,20.375288302166986,1
0,152.92884124210835,1.6643957213463814,20.004343820183358,20.004343820183358,1
0,153.73418909146815,61.17030144575962,18.97544608013304,18.97544608013304,1
0,154.15536404879774,22.68973491131954,20.418718014193807,20.418718014193807,1
0,154.26001121905043,38.51530941943165,14.69959113401929,14.69959113401929,1
0,154.8188475063942,61.47025554615858,18.048523810705394,18.048523810705394,1
0,155.36319406533767,50.917858730532,20.107128558740904,20.107128558740904,1
0,155.9166176719679,2.658255827519114,20.39155672608441,20.39155672608441,1
0,156.067355558281,13.696491620030214,16.594508308267336,16.594508308267336,1
0,156.35762314338865,28.78514782028077,15.929653818960606,15.929653818960606,1
0,156.85876009529616,71.06525673588423,20.165850581934325,20.165850581934325,1
0,157.1755190679482,57.144173232556355,18.106751354428607,19.08500491181101,2
0,157.1961345874655,57.40915337406929,19.79512573649423,19.79512573649423,1
0,157.19764268747372,61.44919088576974,17.466566587216356,17.466566587216356,1
0,157.7575509676647,57.84391466286869,20.266811711045463,20.266811711045463,1
0,157.8786306064292,57.0881355851354,19.523925604279864,20.257066886018908,11
0,158.11678990493033,32.08548621883248,19.61808603549473,19.61808603549473,1
0,158.45008045335518,68.26579839896496,20.6815628202608,20.6815628202608,1
0,158.47113134950726,58.78148897764339,14.835321159906549,15.725031347937955,32
0,158.64103198037174,57.54181500334116,19.771106477449624,19.771106477449624,1
0,158.64410376675323,11.19795263360738,17.781360960438498,17.781360960438498,1
0,158.88794116402136,5.865785488388504,19.25749390089897,19.25749390089897,1
0,158.9099722027002,58.26341558354211,15.479174859759343,17.320756307213813,5
0,159.0038708000034,5.120128037560828,18.081608899000326,18.081608899000326,2
0,159.18765501590346,15.360498586587171,19.191133505721943,19.191133505721943,1
0,159.64174491159577,59.641988725807416,19.642697738097976,19.642697738097976,1
0,159.75360392814022,61.181407072669536,18.367375079762926,18.367375079762926,1
0,160.66455725413917,33.35255581868849,19.606792712865673,19.606792712865673,1
0,160.76433945848433,57.74261583716259,20.443832876567594,20.443832876567594,1
0,160.98714406544295,58.125143274998976,17.12705751974851,18.36887750567509,50
0,161.20694652450462,52.17418244563899,19.837277024305642,19.837277024305642,1
0,161.67490617707656,-8.376171537866176,15.992605837706595,15.992605837706595,1
0,161.6995807180641,59.24543106662906,20.07489029284161,20.07489029284161,1
0,161.70150293171702,-0.4774173826655373,20.145552161963124,20.145552161963124,1
0,161.78222727682711,5.563307614305919,17.84288478278681,19.00614198090739,4
0,162.01368322856013,55.702404996219485,18.617753674032343,18.916200636778083,4
0,162.05041088548646,64.72416541383973,19.589257024850134,19.589257024850134,1
0,162.0898489186343,57.99248886299557,19.632367844985744,19.632367844985744,1
0,162.12001277843137,58.86648064250592,18.96348129827002,18.96348129827002,1
0,162.18507319649635,58.26033039826474,18.4158970754745,19.178352190783258,6
0,162.33936320951966,59.25277295994422,20.027437772009904,20.027437772009904,1
0,162.6678446277078,51.799156313542255,15.34741767914636,15.34741767914636,1
0,162.6693375660162,57.96355150152138,20.468901257728167,20.468901257728167,1
0,162.67209028581547,4.211860074068034,19.983759558040894,19.983759558040894,1
0,162.75048775255564,5.425297976081053,18.94258967967535,18.94258967967535,1
0,162.87941960306145,4.633404679304581,17.7329491169344,17.7329491169344,2
0,162.87970217287543,57.57733134421096,20.166377890509136,20.166377890509136,1
0,163.14036331509837,-6.08648443848276,18.034689070899027,18.034689070899027,1
0,163.2472845001492,57.0136972655264,16.15018766300813,16.32839772539334,4
0,163.3897386585993,58.55518030597241,20.499073687325538,20.499073687325538,1
0,163.68755712860528,60.2098323506745,20.034237154056374,20.034237154056374,1
0,163.80845852403235,56.796165325616805,17.032935005997874,17.272509419016345,4
0,163.81676356697207,-3.5945249681759712,18.713072066352936,19.555559217204436,4
0,164.03993549692478,58.98838240702743,20.08722576624006,20.260710587915092,2
0,164.09398113214493,57.08908533919743,17.037510918503198,18.499442880347374,9
0,164.18548380037095,59.91574865755611,20.46243084025383,20.46243084025383,1
0,164.2374043102474,-3.362328470902105,19.69846032456442,19.966256159696187,3
0,164.4050829990361,58.525037069915975,20.403589066912133,20.403589066912133,1
0,164.52921121055647,59.66571281306465,20.61552802432673,20.61552802432673,1
0,164.53973480148522,58.640621827548,20.466840314597366,20.466840314597366,1
0,164.7554417304187,6.241282681820817,20.179355749463788,20.179355749463788,1
0,165.48297336177376,59.30974553484848,20.54350516077865,20.54350516077865,1
0,165.62247375886085,28.56653925232654,19.582395840738847,19.582395840738847,1
0,165.65391874461474,58.74759066183199,20.331170451887694,20.331170451887694,1
0,165.78453088442066,15.297120054689042,19.534564355782315,19.534564355782315,1
0,166.2754192546525,58.51709341713695,18.400369243976943,18.400369243976943,1
0,166.8803951056473,-14.14876073806689,19.28865923983278,19.28865923983278,1
0,166.8839072229862,43.765297742983655,19.673762430198625,19.673762430198625,1
0,166.93104644185706,7.939772251965111,19.181399167803768,19.181399167803768,1
0,168.58575091270586,58.89796710333685,20.323913157272163,20.323913157272163,1
0,169.0236212952787,-37.02821547746674,19.5631851062935,19.5631851062935,1
0,169.40779537447477,-17.326425502145764,17.87880201635542,17.87880201635542,1
0,170.1927691624218,26.848333037086224,20.322117151060915,20.322117151060915,1
0,171.05582109327918,-8.915405516579078,16.93923508888342,17.04314939380581,2
0,171.10715833606588,77.70378030077185,15.22091704399567,15.22091704399567,1
0,171.32740715340952,-0.7877654324971053,15.998546570848854,15.998546570848854,1
0,171.9645529205256,-9.042470572137562,15.179842170222557,15.179842170222557,1
0,172.5555082935872,5.152235459156734,18.719299102266834,18.719299102266834,1
0,172.9803216379372,-34.60798903369256,17.37905666714679,17.37905666714679,1
0,173.3178822930586,13.739530430540592,18.95137568899635,18.95137568899635,1
0,174.86598722095067,61.92491314005194,20.14943303873988,20.14943303873988,1
0,175.72315918030793,57.26570196399276,18.93797892475133,18.93797892475133,1
0,176.7730355120216,-0.9151090440056716,20.084415103932308,20.084415103932308,1
0,176.86913861660292,66.7337470694113,18.257938702622837,18.257938702622837,2
0,176.9201454834176,0.2559690511342505,13.374182798525183,13.374182798525183,1
0,177.4144792152697,0.586372913907587,19.917743570235498,19.917743570235498,1
0,180.5734374046099,28.58685309535768,19.987395310870852,19.987395310870852,2
0,181.14844753110413,-7.971115803699382,19.91377229343779,19.91377229343779,1
0,181.69899594359865,1.7248353863384285,18.230521793603444,18.230521793603444,1
0,182.81186467358947,47.82861152989862,15.147130871750264,15.147130871750264,1
0,183.39640037060377,36.134052672296704,20.36866951452155,20.36866951452155,1
0,183.56681328709465,0.6229778859642143,19.267430131406336,19.344470893376222,2
0,183.8003386526895,36.054430612969135,16.90257062332664,16.90257062332664,1
0,183.8422608259315,36.57956647197988,20.494184895282736,20.494184895282736,1
0,184.0246505739788,13.961917856783163,19.436517408021665,19.436517408021665,1
0,184.4206739921839,49.09484836681901,19.581023803046904,19.581023803046904,1
0,184.5867536826165,6.237310655455514,15.622412079404144,15.622412079404144,1
0,184.93560899870857,31.281406489855776,19.851675074985984,19.851675074985984,1
0,185.23962168436984,67.64365397204146,16.686975182145137,16.686975182145137,1
0,185.3258272059503,6.59681244703783,17.510945398148912,17.510945398148912,1
0,185.3617151060428,30.642651834937105,20.318333605887695,20.318333605887695,1
0,185.3627337044065,30.64246155872777,20.282997094531215,20.282997094531215,2
0,185.75087515673096,29.544538360084832,14.799770672611903,14.799770672611903,1
0,186.491513672997,33.78054532818442,16.56010606707653,16.56010606707653,1
0,186.6351168060085,33.788515366099446,19.591525165613152,19.749026109840933,4
0,186.84543457386533,2.6507441040537643,19.168573578758263,19.168573578758263,1
0,187.21912832527624,1.339141973975868,20.318552527054237,20.318552527054237,1
0,187.23430357407236,1.0610841197202074,18.429835267652418,19.703615647432198,3
0,187.4037010231584,47.82106520042996,15.99053019474141,15.99053019474141,1
0,187.52844180278683,1.2481407875381936,18.269409074861777,18.269409074861777,1
0,187.73182847265292,31.86956702683037,19.29440287588153,19.62196862822671,8
0,187.86339991713896,0.692229149800786,19.0805163979615,19.082998690765233,2
0,187.9121814565819,8.232733914302672,20.009379535345694,20.009379535345694,1
0,187.9824127096834,0.9082909327089228,17.08130193240995,17.08130193240995,1
0,188.09765691571863,9.694408633468916,18.88466871433611,18.88466871433611,1
0,188.3045773423632,-7.915213783556188,15.520237683973022,15.520237683973022,1
0,188.3184212504475,9.021268729818177,17.968812632646518,18.527243428738892,3
0,188.3193890564819,9.021127286685434,18.448958036159897,18.448958036159897,1
0,188.37795691259925,31.339094782351964,20.3094777890164,20.3094777890164,1
0,188.52273354771137,67.78290334184697,19.933434455712565,19.933434455712565,1
0,188.6721301593027,61.90652828079876,20.338118571393565,20.338118571393565,1
0,188.71002606838087,62.17016701313011,20.05390899737687,20.190060314035065,2
0,188.8036593520012,62.29553336858154,18.507698668262204,18.507698668262204,1
0,188.8501139144643,61.69182945976573,19.699044807418595,20.011724467450826,3
0,189.610222473259,13.015902306817004,16.87075696268727,16.87075696268727,1
0,189.763270946636,65.82587977821022,17.314119347531403,17.314119347531403,1
0,189.9890680183196,62.41671050641242,19.86062291327501,19.86062291327501,1
0,189.99887072844533,11.50987173740516,19.064000121132377,19.064000121132377,1
0,190.02109701219797,62.38547844713013,19.98298508760761,19.98298508760761,1
0,190.2099648274459,62.42885184119437,20.43005980649679,20.43005980649679,1
0,190.51587942936817,15.67471189599817,20.318591486862793,20.318591486862793,1
0,191.11050053212605,61.58693345332446,18.492887241299563,18.492887241299563,1
0,192.65867792567803,54.03508080703223,18.29198866617136,18.29198866617136,1
0,193.1009982028237,-29.249677697271068,13.677221812043415,13.677221812043415,1
0,193.16682274741493,28.48595020621985,19.597415658354507,19.597415658354507,1
0,193.33315996252531,-10.176086536566043,15.324826280760478,15.451473215197957,2
0,193.47192280276488,-4.425897444824881,20.325353379080077,20.325353379080077,1
0,193.8969232427861,27.060976920826597,17.545777392325753,17.590382614912002,2
0,194.0989258430913,29.21717038382667,19.79953327963144,19.79953327963144,1
0,195.29442836093483,1.1274424651411898,17.03727178084608,17.03727178084608,1
0,195.69595090807096,41.518643995208095,20.241686078568897,20.241686078568897,1
0,195.95786232795453,-17.31425161275647,20.094180750662183,20.094180750662183,1
0,196.7192403843277,0.874980096261147,17.865712967071154,17.865712967071154,1
0,196.9751648761443,53.85803746071964,16.927631180827472,16.927631180827472,1
0,197.2487102887814,28.970924786143947,20.661435391402247,20.661435391402247,1
0,197.39585847903555,28.98448672967792,15.818712199637345,19.120602615401296,4
0,197.79761987397785,28.582290226462483,18.522496168686125,18.522496168686125,1
0,198.81839212634148,-2.302765331309385,19.82245397472703,19.82245397472703,1
0,199.56296137187977,47.52569981740273,20.21788042456882,20.21788042456882,1
0,200.6161076956064,27.743187582033045,18.95544576788583,19.204864746013016,2
0,200.62128108778305,1.0143362159763545,19.251610921795823,19.251610921795823,1
0,200.84379791315905,31.611885159922647,19.58387812607349,19.58387812607349,1
0,200.87304900839575,61.15410371043862,20.36524257847353,20.36524257847353,1
0,200.9378820511339,38.3527027004165,20.374842995997874,20.374842995997874,1
0,200.958351494998,27.724031677672524,20.14761654946498,20.14761654946498,1
0,201.0988637800137,27.6221216923562,19.98870230886109,20.169781713537123,3
0,201.2325599552664,27.95502012711485,20.13804499612478,20.13804499612478,1
0,201.31366239679423,27.359578567562828,20.055384060688663,20.055384060688663,1
0,201.3991333578854,27.635313885469916,20.09161087928128,20.09161087928128,1
0,201.5116175861606,27.58356972905924,17.325559719990444,19.89132096427192,41
0,201.5510161501481,0.1887424440933235,15.570599966784293,15.570599966784293,1
0,202.04475108561996,10.47477506974137,19.926821073801168,19.926821073801168,1
0,202.21195789242068,5.48025718574479,20.34703305597629,20.34703305597629,1
0,202.8028050645932,29.53000623269262,20.180240954278545,20.180240954278545,1
0,202.82905720428712,9.5516531694326,17.675419486362138,17.675419486362138,1
0,203.04785916566496,15.932602181291283,17.759447295840204,17.759447295840204,1
0,203.78982924670493,50.65443901744856,18.73585576068089,18.73585576068089,1
0,204.3231996653089,40.9086000908964,20.67290807241428,20.67290807241428,1
0,204.51425247475973,0.712957292398706,16.605653524904003,16.605653524904003,1
0,204.57780343391025,41.447644148315874,20.753200099295004,20.753200099295004,1
0,204.68209193067,-9.754709262772677,18.577060368054052,18.577060368054052,1
0,206.5116235968577,23.81506111493716,17.992848117122048,17.992848117122048,1
0,207.4402946253066,-30.47271222656943,19.55088942515057,19.55088942515057,1
0,207.74292491549727,26.555268698212565,19.155261147271048,19.155261147271048,1
0,208.19308103244413,31.54966187513861,20.00072560897518,20.00072560897518,1
0,208.34382075724395,2.278145832434131,19.78177318837584,19.78177318837584,1
0,209.43265934196563,-10.696737296533746,19.81605967655319,19.81605967655319,1
0,209.9837327798097,5.038737685784454,19.56381738773103,19.56381738773103,1
0,210.0708552824139,-10.60173302724082,16.933631467999263,16.933631467999263,1
0,210.1126142637797,44.12591119886569,20.703868102084964,20.703868102084964,1
0,210.2476177527235,37.68044905117592,19.30289019386196,19.30289019386196,1
0,210.5971008601315,55.95938463878699,14.563482453651645,14.563482453651645,1
0,210.6105377022185,5.680591513642275,19.243485009396714,19.243485009396714,1
0,210.77985718076857,54.05960459988896,20.171895594101233,20.171895594101233,2
0,210.9882356615213,-15.020109370626512,16.293602108574508,16.293602108574508,1
0,211.03279226624,-5.633008429946124,17.751948925897246,17.751948925897246,1
0,211.06592416923385,0.509307376856818,19.806508482141375,19.806508482141375,1
0,211.67334604733384,17.826545631633778,17.885471556831963,17.885471556831963,1
0,211.96666577462847,53.857725203172784,19.950620404796677,19.950620404796677,1
0,211.98666655439277,35.01251273567371,19.355070197415774,19.355070197415774,1
0,212.5034476217513,52.41462272584023,19.349775341226646,19.349775341226646,2
0,212.6814918216475,53.68617574137279,20.27469972032576,20.27469972032576,1
0,213.0865908053837,-1.70490421603699,19.298276759234398,19.298276759234398,1
0,214.3959605009753,52.46945408709995,20.280504519144152,20.280504519144152,1
0,214.4718249429738,54.35033478952893,19.191213802173664,19.191213802173664,1
0,214.47667171983971,54.30749345005462,19.98601009760886,20.04752874553046,4
0,214.53774730840084,9.365914209557426,19.70461497471013,19.70461497471013,1
0,214.56871901512596,52.49423729915706,20.40460819228703,20.40460819228703,1
0,214.5799905555405,52.83491561472472,17.827965816149323,18.078724536124646,4
0,214.74999698635892,52.302312788989,20.177679151310052,20.177679151310052,1
0,214.7723196185656,52.424134401566405,19.85096420406257,19.85096420406257,1
0,214.78413122362625,53.08358582579159,20.253282547520474,20.253282547520474,1
0,214.81378318426133,-2.7425437183322403,19.094419742423163,19.094419742423163,1
0,214.9440569619156,52.99490282542772,18.631113867163688,20.504559482134216,19
0,214.94796248898288,25.10406941206691,20.78088774508199,20.78088774508199,1
0,214.95756627682604,53.09823931828005,19.470089036680466,19.470089036680466,1
0,215.04365562164003,52.67449473882591,20.155971099604706,20.155971099604706,1
0,215.09798336476564,52.43221514913571,20.65303785386091,20.65303785386091,1
0,215.3830981415178,53.04469322867941,20.29877913618575,20.37996114959658,2
0,215.5172124546043,53.09610927311208,20.622190294043772,20.622190294043772,1
0,215.57088645433456,52.51311920476024,20.518295479426367,20.536250786545295,3
0,216.0771103084889,32.90872660775999,19.86468713509018,19.86468713509018,1
0,216.1630739896084,54.09060913762566,18.125122752079314,18.125122752079314,1
0,216.46388110704797,4.496566223646741,18.43964641053898,18.43964641053898,1
0,216.4831031004444,-1.5655577714510729,18.44149067514149,18.44149067514149,1
0,216.6884317254182,34.45648447918394,20.27491120411581,20.27491120411581,1
0,217.1116777130428,18.178140571060386,14.598500448748347,14.598500448748347,1
0,217.5663426752592,32.52276205799026,19.03253585763677,19.03253585763677,1
0,217.6524290721109,33.51198997426939,20.080025143286456,20.080025143286456,1
0,217.9055463851656,32.7393217164434,15.635807989865835,15.635807989865835,1
0,218.0718203819185,34.67096552533572,20.32320210448787,20.32320210448787,1
0,218.44277178457085,0.2999558029717198,18.99421669565826,18.99421669565826,1
0,218.63438765964207,22.68593115523275,20.264931559015665,20.264931559015665,1
0,218.75142302510596,-0.7686851210308413,18.492515512754757,18.492515512754757,1
0,218.9434214693834,34.43395671088091,19.63590097105571,20.274898202588595,3
0,219.09584605137772,34.86055746994361,20.697673983305613,20.697673983305613,1
0,219.22903369070568,34.066282301132446,19.7472543816387,20.007073188845098,7
0,219.25612926475176,63.90432324430515,20.30769347577946,20.30769347577946,1
0,219.40495053996293,34.174516875115884,19.686146022808025,19.686146022808025,1
0,219.4744845405512,34.98961029007114,15.876203864019587,17.22063595165659,21
0,219.49252763633,52.01137491728026,18.448015737184427,18.448015737184427,1
0,219.55623233099988,5.839529719241848,17.863167437604993,17.863167437604993,1
0,219.5867500860141,33.26737629130005,20.535978821662493,20.535978821662493,1
0,219.66400189436175,-2.957059558220405,19.181753683508067,19.181753683508067,2
0,219.7278393560307,33.00529371661522,17.49934060263901,17.49934060263901,1
0,220.02964226861732,0.0288579310208002,15.142923221460897,15.142923221460897,1
0,220.97277840206087,64.20843811773702,20.399648388141554,20.399648388141554,1
0,221.33557755212837,8.858559179235234,20.230022405579337,20.230022405579337,1
0,221.95818533681756,-0.3000022824896831,20.25898109981543,20.25898109981543,1
0,222.2422729271446,0.1780336205090912,17.068154989779295,17.068154989779295,1
0,223.68514294264247,59.46472239236574,20.287442720017356,20.287442720017356,1
0,224.2926610775424,7.368800449774807,20.445401560895473,20.445401560895473,1
0,225.14821536204548,4.755329405008755,18.73724644487896,18.73724644487896,1
0,227.4924196373768,-2.4343267725727675,19.371676241383177,19.371676241383177,1
0,229.81656710677956,6.757761004307429,17.062158655664074,17.062158655664074,1
0,230.0509986754384,3.4174081616278347,17.24874979694235,17.24874979694235,1
0,230.1924750172311,4.130746781615206,20.412902299092018,20.412902299092018,1
0,230.46206782398957,-25.237044408278184,18.18072104474568,18.18072104474568,1
0,232.6991118172733,37.12870893163443,18.683120835666013,18.683120835666013,1
0,234.2097002311855,37.5798553483604,18.25382634768313,18.25382634768313,1
0,236.8039547648147,-13.435723145565683,19.233151680782065,19.233151680782065,1
0,236.86387985090747,45.13120513183738,19.530796778564397,19.530796778564397,2
0,237.59190930001705,42.031896496717714,19.99139789794937,19.99139789794937,1
0,238.29138268515487,6.090539225734847,15.076872141638091,15.076872141638091,1
0,238.53214676771225,56.91723885545791,20.36871371774596,20.36871371774596,1
0,239.28179780283895,5.569259442173538,16.933442136430468,16.933442136430468,1
0,240.01648081384675,5.728357203192212,17.446960641699604,17.446960641699604,1
0,240.2909909842477,57.19506636630951,20.09269841187311,20.09269841187311,1
0,240.44855389805647,55.609472259454215,14.6145669003995,14.6145669003995,1
0,240.9468646680727,57.69605486006942,16.958294583926882,16.958294583926882,1
0,241.13622598655758,55.68040103773272,20.17199036048618,20.191838831902622,2
0,241.43608571029927,42.23052601607476,17.555124113193962,17.555124113193962,1
0,241.53773694848252,53.08868957842053,18.4802360370137,18.4802360370137,1
0,241.7670526678208,54.51281996456091,20.513897025519526,20.513897025519526,1
0,241.8081374247581,55.85850288099657,18.44504789608893,18.44504789608893,1
0,241.96787039025725,55.44655873520159,17.284093171834723,17.284093171834723,1
0,242.04049855643063,54.35815621644172,18.89778568179429,18.89778568179429,1
0,242.15717425075127,55.1007972427098,20.493178871127565,20.493178871127565,1
0,242.19146024760505,55.877536607669136,20.463955318107878,20.463955318107878,1
0,242.23864343388144,55.43997181445497,20.17279339028893,20.17279339028893,1
0,242.2643703991792,52.94369856333908,18.690512712388394,18.690512712388394,1
0,242.2881945046747,53.531022029631934,18.715501453701837,18.715501453701837,1
0,242.3158845916221,25.52097758828967,17.72630364178285,17.72630364178285,1
0,242.38354334224834,53.67933791603772,20.23776304226932,20.526922482747903,6
0,242.46069865074443,42.30681178511196,16.05690180255566,16.05690180255566,1
0,242.61182543240955,50.09805932442589,18.578866505373636,18.578866505373636,1
0,242.7182170710209,53.75419448173754,20.445267581937888,20.677386553228317,3
0,242.72339071462147,53.652092367920446,19.686038059502255,19.686038059502255,1
0,243.07705583587656,52.706596950457495,18.600915862564744,18.600915862564744,1
0,243.4079167706382,54.66532255971188,20.06284363218841,20.06284363218841,1
0,243.411257478364,54.6643775718178,20.048517376119577,20.52063249133905,4
0,243.4902662030505,28.482022869489008,18.174182109907463,18.174182109907463,1
0,243.76341308586535,56.50142075514961,20.021961708466126,20.021961708466126,1
0,243.82015393450632,55.37447006776144,20.387517514712066,20.387517514712066,1
0,244.0990110361113,55.09756818332045,20.15817756792872,20.15817756792872,1
0,244.27133809884936,30.42647783854999,19.40343844361627,19.40343844361627,1
0,244.2734643680251,55.268119930117415,14.96664975817802,17.046736625317894,8
0,244.27348546314,55.268000268921966,14.96664975817802,17.046736625317894,12
0,244.2735002039635,55.26796345376764,14.96664975817802,17.046736625317894,13
0,244.27354593066272,55.26792459273045,14.96664975817802,17.046736625317894,14
0,244.27359165736195,55.26788573169326,14.96664975817802,17.046736625317894,15
0,244.2736635520123,55.267739068770865,14.96664975817802,17.046736625317894,14
0,244.27374055080077,55.26765860913172,14.96664975817802,17.046736625317894,11
0,244.2737447337753,55.26760986772665,14.96664975817802,17.046736625317894,10
0,244.27374891674984,55.26756112632157,14.96664975817802,16.937946747907162,9
0,244.2737714333897,55.26752155308729,15.719322715223086,16.937946747907162,8
0,244.3555678922998,54.89822774899882,19.84497740211737,19.84497740211737,1
0,244.5211432680202,54.55761575014271,14.60840752296451,14.60840752296451,1
0,244.54670482547905,55.69614965118164,18.682148305081114,18.682148305081114,1
0,244.7035291920997,55.406214214736295,20.167356927435964,20.167356927435964,1
0,245.1294468847624,13.83222037660153,19.90850439891455,19.90850439891455,1
0,245.6488107005576,35.603066683114804,20.598431451944904,20.598431451944904,1
0,245.83083931211283,55.95799799142149,20.344548920666888,20.344548920666888,1
0,246.0951304231078,19.989080950217907,18.804208962268948,18.804208962268948,2
0,246.4151045396739,19.20532721941301,15.50876592746821,15.50876592746821,1
0,246.4820558536061,49.98242657594992,20.046688439576048,20.046688439576048,1
0,247.1081469697158,40.86112361208475,18.244672652722166,18.244672652722166,1
0,247.57341902640368,40.90671515630317,18.688882824018133,18.688882824018133,1
0,247.82863542220807,40.86443513549013,19.25575047759498,20.01096125816101,7
0,248.6762203125591,40.51064085109648,20.352190498296586,20.352190498296586,1
0,248.75516098013895,31.50772832917176,19.620580020695233,19.620580020695233,1
0,248.86531197854788,35.0151873554698,19.217234290734147,19.217234290734147,1
0,248.96776633745745,41.802998006570846,20.401577621209174,20.401577621209174,1
0,249.07768002116208,41.84934146889554,19.7498341959385,19.7498341959385,1
0,249.24799423509145,46.58028132120383,19.57404414881565,19.57404414881565,1
0,249.3120923722523,1.936726691849538,18.985265781771187,18.985265781771187,1
0,249.5384672258969,41.24859346301136,20.30776062389842,20.30776062389842,1
0,249.6166755835293,41.19456806094233,18.392217484803048,18.392217484803048,1
0,249.7079709710392,40.914823222162376,18.970562796325275,18.970562796325275,1
0,249.7117528999779,40.40220090910336,18.296875421385938,18.296875421385938,1
0,249.80670180683643,41.66574284942475,15.404439484576285,15.404439484576285,1
0,249.9097263639663,41.11237672909655,15.091093168055338,16.460255474235815,10
0,250.13767880987209,40.61802102781735,15.051862637350869,15.617004316901696,6
0,250.20403556963987,23.101188978701284,19.33339999433128,19.33339999433128,1
0,250.27897004991377,40.70674680089163,15.575265859524606,16.467516357151165,24
0,251.40292999642625,-1.775913212969962,19.328999483395304,19.328999483395304,1
0,251.46912986727543,42.43499270018896,20.5837648458061,20.5837648458061,1
0,251.52129146108132,35.14451252007462,19.57811378899635,19.57811378899635,1
0,251.53782175921128,-2.334367888646301,19.49371281775894,19.49371281775894,1
0,251.6309376111193,34.58094699876886,20.713218277010736,20.713218277010736,1
0,251.6577940834489,25.319994305892703,19.82624127535664,19.82624127535664,1
0,251.82758667969085,-1.8712586236941768,17.66075197290954,17.66075197290954,1
0,251.92507044821787,34.95877758251744,19.444216196111572,19.513892936174628,2
0,252.0945444260705,-2.371982381226673,19.67505568245336,19.67505568245336,1
0,252.24448211463908,34.81049641422135,19.410897716203486,19.410897716203486,1
0,252.41646651849044,34.97158177838243,17.267847649895295,18.78971934642501,7
0,253.1639900680861,34.962209706491215,19.651832850087434,19.651832850087434,1
0,253.19357407474087,35.219812097566745,17.643882377838136,17.778517207501,3
0,253.68820525516907,42.54046164691219,18.43598065506321,19.315475055380116,2
0,253.69721365344736,-22.331050136602038,17.683045362962464,17.683045362962464,1
0,254.04853623755517,-3.68203097797179,19.116064331072216,19.346324371455896,3
0,254.2590793459169,66.58600906117097,17.369410232446434,17.369410232446434,1
0,254.27511345812889,-4.34993420964036,17.53013177581721,18.77976926201887,13
0,254.790422126492,20.971630917637984,19.089102893563705,19.089102893563705,1
0,255.0055166683312,39.15821371611797,17.35132682520471,17.35132682520471,1
0,255.23139738096867,35.830445642596935,17.924680651935965,17.924680651935965,1
0,255.55575715510412,32.498034580959285,18.788950991724796,18.788950991724796,1
0,255.9708369263361,32.19583947200172,18.577031586684477,18.577031586684477,2
0,256.723112866486,37.4085384066824,20.18195724197063,20.18195724197063,1
0,257.71810748926265,19.15308150107361,19.67789919491476,19.67789919491476,1
0,257.92416219590285,60.11719581227825,20.060718523175566,20.060718523175566,1
0,257.99654866309857,60.26131729130628,19.157261773639892,19.157261773639892,1
0,258.0162016858898,52.89809246836946,19.371273603703447,19.371273603703447,1
0,258.2120517263552,22.084028318711816,14.521904684611338,14.521904684611338,1
0,258.21284142856234,58.46309267031655,18.549187456362926,18.66277124528979,3
0,258.3767369826185,19.10791949315297,19.837223916892665,19.837223916892665,1
0,258.73766269941893,58.85757720174023,16.387862388792552,17.349192071244403,28
0,258.91414649051,58.86412992278225,18.88084366666509,18.951518399084758,2
0,259.20421928249795,60.03953457344939,20.319224214013506,20.319224214013506,1
0,259.4450265639995,59.68963358673785,19.467082950155508,19.587342763359263,2
0,259.97084215881216,26.50122479241687,16.803848163656788,16.803848163656788,1
0,259.97593495718064,26.501314463508034,17.99244111496554,17.99244111496554,1
0,260.3072203515084,58.102305431983126,20.085000224817517,20.085000224817517,1
0,261.00114734965996,60.74731208650363,19.500155258586013,19.72807014024769,4
0,261.4212999790625,59.25835633344042,14.625276287437382,14.668955506706467,2
0,262.7803411356564,58.854496945219296,20.244824487212984,20.244824487212984,1
0,270.0679617393393,66.8104105691935,19.410998744931657,19.410998744931657,1
0,271.7424334772035,16.176841944035008,17.815147959670846,17.815147959670846,1
0,273.1205237012852,15.351203364890184,19.410447345772234,19.410447345772234,1
0,273.3506572450011,17.533850008910168,19.46696758457008,19.46696758457008,1
0,275.68950696375254,64.91892502945103,19.302184621590882,19.302184621590882,1
0,277.3612729238496,21.065424328811016,14.571325672144987,14.571325672144987,1
0,278.2766183753512,-79.18701775922709,19.885999623960444,19.885999623960444,1
0,280.27511531165777,44.787038745176936,20.22343054799461,20.22343054799461,1
0,286.58786275899826,65.49380604060659,18.990199869626156,18.990199869626156,1
0,286.70696029909345,-42.95721533226781,17.814164417639027,17.814164417639027,1
0,288.15062495487217,63.15101752140068,19.08552283219148,19.08552283219148,1
0,290.997700986884,37.52184040296143,14.723589651796408,14.723589651796408,1
0,291.32260773521733,38.11177057352886,19.09215255645029,19.09215255645029,1
0,292.6722487666108,40.8732053738341,16.960091340559728,16.960091340559728,1
0,293.0872629957451,-23.853904365151813,14.730655702794618,14.730655702794618,1
0,294.16442076477955,-52.76697192001097,17.381256633933564,17.381256633933564,1
0,295.4459728833423,-75.07316164659444,17.7792144840383,17.7792144840383,1
0,296.1814441010096,-7.833612616986377,19.212823361513887,19.45624739112538,3
0,296.5223635498655,59.5737563203286,15.70608231824221,15.70608231824221,1
0,297.2793125804054,77.73954334200673,15.456808096220563,15.456808096220563,1
0,297.4072969015865,-24.74596290683202,17.095735957021105,17.095735957021105,1
0,297.972815435612,2.890110552425381,19.31474676246884,19.31474676246884,1
0,302.64406130295714,6.536384323088601,18.064293588744253,18.064293588744253,1
0,302.7862261936736,-5.302087971647801,19.693794132685742,19.693794132685742,1
0,303.1799812781074,1.7842827037109903,16.98749111549369,16.98749111549369,1
0,303.8204400328468,-13.70731772631296,18.30621917806059,18.30621917806059,1
0,306.81728851225785,76.0132306736509,19.534755465137728,19.534755465137728,1
0,307.2365092787221,-73.43858281384023,18.300919354516953,18.300919354516953,1
0,307.34181650504013,18.156857248470462,17.346111983127336,17.346111983127336,1
0,308.6564877556577,-74.47756826870173,20.085248578985585,20.085248578985585,1
0,309.8440434345986,-1.0631975579710888,17.22618293312175,17.22618293312175,1
0,310.0394077784068,-0.8711374695493457,13.328617085433727,13.328617085433727,1
0,310.1787365023823,-78.28271515315498,20.04245921878618,20.04245921878618,1
0,310.4476773440271,69.18873542437701,18.225855296534064,18.225855296534064,1
0,311.2900129682188,0.9327439923776316,20.12589414008624,20.12589414008624,1
0,311.5651133785091,-4.930670266514934,17.902316042190805,17.902316042190805,1
0,311.63324411264733,0.4143532432296166,18.811124264169163,18.811124264169163,1
0,311.811208113834,11.078036237932194,19.32852469935162,19.32852469935162,1
0,312.6915053574669,-0.2546556411255166,19.75496304055981,19.75496304055981,1
0,313.3121273689532,-2.3563716380903323,19.26128372854741,19.26128372854741,1
0,315.93539142183124,-7.379243973589912,19.194687590155045,19.194687590155045,1
0,316.2877045300536,-78.17652100632051,19.236481901089174,19.236481901089174,1
0,317.8111727138345,15.379486033259168,19.300736269746054,19.300736269746054,1
0,319.02382313841593,-72.45536154356138,20.31631983763652,20.31631983763652,1
0,319.70111696478017,0.3141872490132777,18.74030134868072,18.74030134868072,2
0,320.358128487997,-5.546790263196648,19.330096419135373,19.330096419135373,1
0,321.5212664768209,-7.430050033144103,18.24101138399141,18.24101138399141,1
0,322.4371971549707,0.6068900163588036,19.975841431379163,19.975841431379163,1
0,322.9799295062524,0.1250757497926779,17.802750508072254,17.802750508072254,1
0,323.00542975570414,-1.5328996518689972,20.030192464658473,20.030192464658473,1
0,324.3164887182148,16.229813824368847,19.57976812571625,19.57976812571625,1
0,324.3587761007465,-6.166838682231221,17.609237010982135,17.609237010982135,1
0,324.41789923920203,1.6200728274251346,18.503660073398304,18.598926339750125,2
0,324.4823094388048,-63.71247567171528,19.034840427943983,19.034840427943983,1
0,324.68248789988206,-1.629265907897258,20.213649143408055,20.213649143408055,1
0,324.75569950747,-24.15917143815341,20.08704045660402,20.08704045660402,1
0,324.9743036963721,-68.42456482715762,19.970187381757846,19.970187381757846,1
0,325.053511081048,-1.3808875510195693,16.16025477577837,16.16025477577837,1
0,325.0702901156665,13.105718011858936,18.34689184426904,18.34689184426904,1
0,325.3171964766003,-23.903253550978388,19.998939672877828,19.998939672877828,1
0,325.5225294241658,-23.912224026356665,19.483796535567965,19.483796535567965,1
0,327.3657937588261,-13.594364835235906,14.549333646228757,14.549333646228757,1
0,327.7240649945749,-5.888909702713181,17.34447304967707,19.17332833220507,3
0,327.7320214167955,1.2545361364219176,18.270971745902397,18.270971745902397,1
0,328.1284239995336,21.035687717156303,15.742219752443173,15.742219752443173,1
0,328.2506036533839,-29.604561349036228,18.932882969372706,18.932882969372706,1
0,328.4745447184803,-18.46382198032636,19.66029357753699,19.66029357753699,1
0,328.8517751648581,-2.640474347303492,19.889384078684515,19.889384078684515,1
0,329.1883830018934,31.87860026015468,19.538263152343337,19.538263152343337,1
0,329.5906767029529,2.903314383750818,14.653449557257076,14.653449557257076,1
0,329.9827449164988,-72.68643170027971,17.930790666588994,17.930790666588994,1
0,330.57140824652606,-7.3790582869000225,20.135457355578037,20.135457355578037,1
0,330.6549759623497,3.7040643907638,17.208361798251108,17.208361798251108,1
0,330.82052134069744,-64.05822018788135,16.801891225152147,16.801891225152147,1
0,332.0317323984797,2.271722392326639,18.899998239906775,18.899998239906775,1
0,332.682179261141,1.271561867168299,19.635321954635003,19.635321954635003,1
0,332.7125683013757,-0.2962716153723351,19.151774752740575,19.151774752740575,1
0,332.71562652168484,0.9592494184024507,19.298387772162457,20.15859946921333,8
0,332.7462864125435,0.6262674459124175,20.143103056321966,20.143103056321966,1
0,332.80595473033526,-0.3878688975167206,19.995253977286623,19.995253977286623,1
0,332.8227841701874,-0.2281769422332681,20.208959196374742,20.208959196374742,1
0,333.4027600794442,36.9394180711338,14.697035242024207,14.697035242024207,1
0,333.4473902890875,-17.728159945539606,20.12815685106707,20.12815685106707,1
0,333.4620784547472,-63.70278634119087,19.976765813200686,19.976765813200686,1
0,333.54438753492815,1.516306047954031,18.486357681120523,18.486357681120523,2
0,333.6128668951421,-17.794300628716293,18.904902692133337,20.02009262794487,4
0,333.7027492605009,1.3091019458222997,20.32492956001965,20.32492956001965,1
0,333.8193119402719,1.0617558319665243,19.415772011809576,19.415772011809576,1
0,334.26463301466526,1.1396120712223496,14.676719636572212,14.676719636572212,1
0,334.316052513,0.4369792553840775,19.929121244263182,19.929121244263182,1
0,334.3209603792774,0.3690354203449825,19.994378149390773,19.994378149390773,1
0,334.72636515455605,-3.0705001913755425,20.05577578374884,20.05577578374884,1
0,335.8303070338318,-8.879690524816079,18.44519339018659,18.44519339018659,1
0,336.7215846710747,13.78764732548282,19.95683242960624,19.95683242960624,1
0,336.95439524651556,-1.2316681600990727,17.959607008785166,18.78449449841506,2
0,338.1567802499519,-60.54944445959402,20.459220367811962,20.459220367811962,1
0,338.3414846454664,-60.93072483083548,19.382701089253374,19.382701089253374,1
0,338.34502682412045,-9.615224664941437,18.245566466078287,18.6462966973607,5
0,338.42657740758585,18.723296117300844,20.27548652986159,20.27548652986159,1
0,338.687471668774,-60.9300947633358,18.512291156248875,18.512291156248875,1
0,338.8780749019883,14.481721895251148,18.8934972282831,18.8934972282831,1
0,338.9595584800695,-28.390592408859675,18.566834884851215,18.566834884851215,1
0,340.31688326227766,12.165311113014862,19.608202145710546,19.608202145710546,1
0,340.4323874042171,11.890360609774508,17.419581515477606,17.419581515477606,1
0,340.4405284121499,-1.094575038411305,20.148710905882954,20.148710905882954,1
0,340.9326320019935,19.28115586270514,19.58871512564587,19.58871512564587,2
0,341.48078023215623,1.4448764210077083,20.02925344398367,20.02925344398367,1
0,342.02316680457,-30.120480419004902,14.555639503611026,14.555639503611026,1
0,342.4950196207209,-53.61675954170429,17.554696735547928,17.554696735547928,1
0,342.61247686542987,19.10212919840045,14.71607370726705,14.71607370726705,1
0,342.8124517275401,-74.61371667393578,17.17730017226807,17.17730017226807,1
0,342.9423665331128,-1.369915809814921,20.17097574873422,20.17097574873422,1
0,343.0351706572345,-39.97206343323212,20.409605273536155,20.409605273536155,1
0,343.3489510454172,16.585218351802716,20.08388410097814,20.08388410097814,1
0,343.35265409478205,-39.79307189933704,19.951734829232596,19.951734829232596,1
0,343.9831353662063,-56.11752136381969,20.287213141911714,20.287213141911714,1
0,344.36184544516766,22.53142163793268,19.622020152924712,19.622020152924712,1
0,344.62682166751483,-40.71295198434459,19.8553507672314,19.8553507672314,1
0,344.720975434468,-0.3163669040974267,15.070092927925902,15.070092927925902,1
0,344.9485888983339,30.156490410054985,20.085428279612305,20.085428279612305,1
0,345.5748084309847,13.46363651339484,20.11384816801582,20.11384816801582,1
0,346.13310559286043,0.41233096839942196,18.386591653554103,18.612712606246983,2
0,347.08198516361153,-15.41029899773165,17.776318056905506,17.776318056905506,1
0,347.30838064611885,0.314289289763399,20.261388906748277,20.261388906748277,1
0,347.79987163438693,-9.947555367603746,20.05637082857166,20.05637082857166,1
0,348.20382442194,1.2606350180975248,17.991404916715137,17.991404916715137,1
0,348.470247492763,14.473899455459602,19.94596147188531,19.94596147188531,1
0,348.5945796990916,-31.05330481188008,20.16796174862774,20.16796174862774,1
0,349.39861695749613,4.739820350233397,20.342500222614262,20.342500222614262,1
0,349.57651266925154,31.53129416716015,19.68714821599617,19.68714821599617,1
0,350.1187018063466,-54.95932355938209,20.098348366213365,20.098348366213365,1
0,350.62483148368074,-13.8748421758713,17.106151317944043,17.106151317944043,1
0,350.75503479732447,-0.0220140706893949,19.66961338149502,19.66961338149502,1
0,350.8920556212033,-8.012750085126763,16.844053856811932,16.844053856811932,1
0,351.4640952624958,-12.837972750409373,18.004934793245674,18.004934793245674,1
0,351.61517615360367,-2.97034203834907,16.952985730491356,16.952985730491356,1
0,351.6222946772068,0.0217616020730865,19.30932679952357,19.30932679952357,1
0,352.09440012888365,0.4775223716360145,18.445259023904992,20.023597606822793,3
0,352.12555770389093,-0.258305542678792,15.068585744638158,15.068585744638158,1
0,352.5708233364021,-8.64422609662166,19.609569790530514,19.609569790530514,1
0,352.9379411568823,-2.7447967912785907,14.353802513857584,14.353802513857584,1
0,353.06583667492407,-1.3053323293846144,19.720470869413194,19.720470869413194,1
0,353.1293901189232,-12.26457739017294,17.720744736955957,17.720744736955957,1
0,353.3661153658308,0.3323852672679086,18.923182177031713,18.923182177031713,1
0,353.38026768650536,-55.44381359145872,16.800824983130664,16.800824983130664,1
0,353.51189273822246,0.176841156106375,19.61959674769976,19.61959674769976,1
0,353.5126770286559,0.17763006234878104,19.490743562522763,19.854274551280145,2
0,353.795394601563,-2.390868654283137,19.705951554020256,19.705951554020256,2
0,353.9105400812542,30.25743054706185,20.047949590779712,20.047949590779712,1
0,354.22539801779874,-10.662480323701857,19.86588673708853,19.86588673708853,1
0,354.5739039670692,-41.51885092236633,19.328605905576048,19.328605905576048,2
0,355.80975304228605,11.363569204937823,20.049477300548062,20.049477300548062,1
0,355.9381755898631,-5.567550263518904,19.76607800847864,19.76607800847864,1
0,356.63439308076283,-0.5448494566832629,19.64059190526088,19.64059190526088,1
0,356.6743698909276,1.9717591878322736,20.259960898334867,20.259960898334867,1
0,356.9898898604606,-43.335502585607,19.184540581442413,19.184540581442413,1
0,357.87791385474543,-13.731315924677622,19.991826983436013,19.991826983436013,1
0,357.90844356259487,-43.8991906149152,18.188558309976038,18.188558309976038,1
0,358.0051703479164,16.336704704114645,20.232704809722755,20.232704809722755,1
0,358.78498384920937,14.812694379449889,19.942079300405894,19.942079300405894,1
0,358.81111035643335,0.0559183075803216,17.157406969081777,17.213188322457736,2
0,358.841324160479,13.504212560604667,20.429139715506896,20.429139715506896,1
0,358.89650178543855,0.6973497766676859,18.617541022747027,18.617541022747027,1
0,358.98085463454686,-13.356861917231212,18.665810995885217,19.3673558801125,2
0,359.0859448819432,-4.492256809153911,19.882503851690938,19.882503851690938,1
0,359.25652577245864,-55.89795171429117,20.497786171592093,20.497786171592093,1
0,359.33653448644515,-12.980567492368788,19.100043923272974,19.100043923272974,2
0,359.4915595669778,-3.689567069487856,19.56518435878396,19.56518435878396,1
0,359.85407751249875,-74.91224840928855,19.422349488480325,19.422349488480325,1
0,,,,,0
